currency,time,price
BTC,1726790400,63211.47
BTC,1726876800,63363.17
BTC,1726963200,63587.45
BTC,1727049600,63341.97
BTC,1727136000,64276.65
BTC,1727222400,63144.83
BTC,1727308800,65183.68
BTC,1727395200,65790.28
BTC,1727481600,65868.67
BTC,1727568000,65611.98
BTC,1727654400,63314.81
BTC,1727740800,60790.06
BTC,1727827200,60641.8
BTC,1727913600,60746.35
BTC,1728000000,62094.06
BTC,1728086400,62059.19
BTC,1728172800,62821.76
BTC,1728259200,62209.84
BTC,1728345600,62129.17
BTC,1728432000,60585.22
BTC,1728518400,60280.38
BTC,1728604800,62517.42
BTC,1728691200,63197.03
BTC,1728777600,62854.48
BTC,1728864000,66068.25
BTC,1728950400,67064.69
BTC,1729036800,67614.71
BTC,1729123200,67408.87
BTC,1729209600,68425.63
BTC,1729296000,68370.04
BTC,1729382400,68354.11
PEARL,1726790400,4.847
PEARL,1726876800,4.6
PEARL,1726963200,4.734
PEARL,1727049600,4.555
PEARL,1727136000,4.56
PEARL,1727222400,4.686
PEARL,1727308800,4.86
PEARL,1727395200,4.678
PEARL,1727481600,5.152
PEARL,1727568000,5.4
PEARL,1727654400,5.185
PEARL,1727740800,4.866
PEARL,1727827200,4.776
PEARL,1727913600,4.471
PEARL,1728000000,4.601
PEARL,1728086400,4.454
PEARL,1728172800,4.582
PEARL,1728259200,4.581
PEARL,1728345600,4.579
PEARL,1728432000,4.388
PEARL,1728518400,4.496
PEARL,1728604800,4.499
PEARL,1728691200,4.5
PEARL,1728777600,4.5
PEARL,1728864000,4.365
PEARL,1728950400,4.368
PEARL,1729036800,4.367
PEARL,1729123200,4.399
PEARL,1729209600,4.172
PEARL,1729296000,4.101
PEARL,1729382400,4.101
POLY,1726790400,0.2082
POLY,1726876800,0.2082
POLY,1726963200,0.2082
POLY,1727049600,0.2082
POLY,1727136000,0.2082
POLY,1727222400,0.2082
POLY,1727308800,0.2082
POLY,1727395200,0.2082
POLY,1727481600,0.2082
POLY,1727568000,0.2082
POLY,1727654400,0.2082
POLY,1727740800,0.2082
POLY,1727827200,0.2082
POLY,1727913600,0.2082
POLY,1728000000,0.2082
POLY,1728086400,0.2082
POLY,1728172800,0.2082
POLY,1728259200,0.2082
POLY,1728345600,0.2082
POLY,1728432000,0.2082
POLY,1728518400,0.2082
POLY,1728604800,0.2082
POLY,1728691200,0.2082
POLY,1728777600,0.2082
POLY,1728864000,0.2082
POLY,1728950400,0.2082
POLY,1729036800,0.2082
POLY,1729123200,0.2082
POLY,1729209600,0.2082
POLY,1729296000,0.2082
POLY,1729382400,0.06842
LUFC,1726790400,0.1628
LUFC,1726876800,0.1681
LUFC,1726963200,0.1665
LUFC,1727049600,0.1732
LUFC,1727136000,0.1753
LUFC,1727222400,0.1792
LUFC,1727308800,0.1853
LUFC,1727395200,0.1819
LUFC,1727481600,0.1814
LUFC,1727568000,0.1818
LUFC,1727654400,0.173
LUFC,1727740800,0.1569
LUFC,1727827200,0.1523
LUFC,1727913600,0.1542
LUFC,1728000000,0.1546
LUFC,1728086400,0.1596
LUFC,1728172800,0.1598
LUFC,1728259200,0.1618
LUFC,1728345600,0.163
LUFC,1728432000,0.1745
LUFC,1728518400,0.17
LUFC,1728604800,0.1707
LUFC,1728691200,0.1705
LUFC,1728777600,0.1781
LUFC,1728864000,0.1839
LUFC,1728950400,0.192
LUFC,1729036800,0.1858
LUFC,1729123200,0.1788
LUFC,1729209600,0.179
LUFC,1729296000,0.18
LUFC,1729382400,0.1791
ZEBU,1726790400,0.0001567
ZEBU,1726876800,0.0001595
ZEBU,1726963200,0.0001513
ZEBU,1727049600,0.0001506
ZEBU,1727136000,0.0001578
ZEBU,1727222400,0.0001567
ZEBU,1727308800,0.0001647
ZEBU,1727395200,0.0001635
ZEBU,1727481600,0.0001581
ZEBU,1727568000,0.0001623
ZEBU,1727654400,0.0001661
ZEBU,1727740800,0.0001599
ZEBU,1727827200,0.0001658
ZEBU,1727913600,0.0001656
ZEBU,1728000000,0.0001789
ZEBU,1728086400,0.0001993
ZEBU,1728172800,0.0001967
ZEBU,1728259200,0.0001919
ZEBU,1728345600,0.0001905
ZEBU,1728432000,0.0001795
ZEBU,1728518400,0.0001793
ZEBU,1728604800,0.0001908
ZEBU,1728691200,0.0002094
ZEBU,1728777600,0.000215
ZEBU,1728864000,0.0002315
ZEBU,1728950400,0.0002245
ZEBU,1729036800,0.0002219
ZEBU,1729123200,0.0002192
ZEBU,1729209600,0.0002242
ZEBU,1729296000,0.0002243
ZEBU,1729382400,0.0002261
MMUI,1726790400,0.03995
MMUI,1726876800,0.04078
MMUI,1726963200,0.04049
MMUI,1727049600,0.04009
MMUI,1727136000,0.03922
MMUI,1727222400,0.03619
MMUI,1727308800,0.0365
MMUI,1727395200,0.0496
MMUI,1727481600,0.0359
MMUI,1727568000,0.0362
MMUI,1727654400,0.036
MMUI,1727740800,0.03599
MMUI,1727827200,0.035
MMUI,1727913600,0.0353
MMUI,1728000000,0.0348
MMUI,1728086400,0.0347
MMUI,1728172800,0.0349
MMUI,1728259200,0.03479
MMUI,1728345600,0.03478
MMUI,1728432000,0.03447
MMUI,1728518400,0.03307
MMUI,1728604800,0.03299
MMUI,1728691200,0.0325
MMUI,1728777600,0.0328
MMUI,1728864000,0.03299
MMUI,1728950400,0.0327
MMUI,1729036800,0.0324
MMUI,1729123200,0.03389
MMUI,1729209600,0.0337
MMUI,1729296000,0.03339
MMUI,1729382400,0.03389
ICP,1726790400,8.486
ICP,1726876800,8.531
ICP,1726963200,8.249
ICP,1727049600,8.707
ICP,1727136000,9.396
ICP,1727222400,9.054
ICP,1727308800,9.515
ICP,1727395200,9.873
ICP,1727481600,9.684
ICP,1727568000,9.539
ICP,1727654400,8.99
ICP,1727740800,8.33
ICP,1727827200,7.986
ICP,1727913600,8.022
ICP,1728000000,8.36
ICP,1728086400,8.208
ICP,1728172800,8.519
ICP,1728259200,8.047
ICP,1728345600,7.971
ICP,1728432000,7.817
ICP,1728518400,8.012
ICP,1728604800,8.147
ICP,1728691200,8.06
ICP,1728777600,7.915
ICP,1728864000,8.328
ICP,1728950400,8.124
ICP,1729036800,7.892
ICP,1729123200,7.682
ICP,1729209600,8.01
ICP,1729296000,8.033
ICP,1729382400,8.023
THE9,1726790400,0.0077
THE9,1726876800,0.0084
THE9,1726963200,0.0091
THE9,1727049600,0.0087
THE9,1727136000,0.01041
THE9,1727222400,0.009098
THE9,1727308800,0.0093
THE9,1727395200,0.0089
THE9,1727481600,0.0089
THE9,1727568000,0.0082
THE9,1727654400,0.007399
THE9,1727740800,0.008698
THE9,1727827200,0.005899
THE9,1727913600,0.0053
THE9,1728000000,0.006
THE9,1728086400,0.0064
THE9,1728172800,0.0068
THE9,1728259200,0.008098
THE9,1728345600,0.006096
THE9,1728432000,0.006095
THE9,1728518400,0.005695
THE9,1728604800,0.005198
THE9,1728691200,0.005
THE9,1728777600,0.0048
THE9,1728864000,0.003899
THE9,1728950400,0.0037
THE9,1729036800,0.004
THE9,1729123200,0.003699
THE9,1729209600,0.0032
THE9,1729296000,0.004099
THE9,1729382400,0.003499
MINTME,1726790400,0.004615
MINTME,1726876800,0.004615
MINTME,1726963200,0.004615
MINTME,1727049600,0.004615
MINTME,1727136000,0.00462
MINTME,1727222400,0.004614
MINTME,1727308800,0.004615
MINTME,1727395200,0.004615
MINTME,1727481600,0.004615
MINTME,1727568000,0.004369
MINTME,1727654400,0.004369
MINTME,1727740800,0.004368
MINTME,1727827200,0.004369
MINTME,1727913600,0.004369
MINTME,1728000000,0.004369
MINTME,1728086400,0.004369
MINTME,1728172800,0.004369
MINTME,1728259200,0.004368
MINTME,1728345600,0.004366
MINTME,1728432000,0.004365
MINTME,1728518400,0.004366
MINTME,1728604800,0.004368
MINTME,1728691200,0.004369
MINTME,1728777600,0.004369
MINTME,1728864000,0.004368
MINTME,1728950400,0.004369
MINTME,1729036800,0.004369
MINTME,1729123200,0.004368
MINTME,1729209600,0.004369
MINTME,1729296000,0.004368
MINTME,1729382400,0.004368
VALU,1726790400,0.002114
VALU,1726876800,0.002119
VALU,1726963200,0.001902
VALU,1727049600,0.001951
VALU,1727136000,0.001884
VALU,1727222400,0.001881
VALU,1727308800,0.001813
VALU,1727395200,0.001614
VALU,1727481600,0.001671
VALU,1727568000,0.001732
VALU,1727654400,0.001605
VALU,1727740800,0.001253
VALU,1727827200,0.001116
VALU,1727913600,0.001112
VALU,1728000000,0.001099
VALU,1728086400,0.001115
VALU,1728172800,0.001088
VALU,1728259200,0.001074
VALU,1728345600,0.001069
VALU,1728432000,0.000834
VALU,1728518400,0.003343
VALU,1728604800,0.002047
VALU,1728691200,0.001835
VALU,1728777600,0.00177
VALU,1728864000,0.001729
VALU,1728950400,0.00174
VALU,1729036800,0.001797
VALU,1729123200,0.00321
VALU,1729209600,0.003135
VALU,1729296000,0.003052
VALU,1729382400,0.003013
AEUR,1726790400,1.116
AEUR,1726876800,1.116
AEUR,1726963200,1.115
AEUR,1727049600,1.11
AEUR,1727136000,1.12
AEUR,1727222400,1.113
AEUR,1727308800,1.117
AEUR,1727395200,1.115
AEUR,1727481600,1.117
AEUR,1727568000,1.117
AEUR,1727654400,1.114
AEUR,1727740800,1.106
AEUR,1727827200,1.104
AEUR,1727913600,1.103
AEUR,1728000000,1.097
AEUR,1728086400,1.098
AEUR,1728172800,1.098
AEUR,1728259200,1.097
AEUR,1728345600,1.096
AEUR,1728432000,1.093
AEUR,1728518400,1.093
AEUR,1728604800,1.095
AEUR,1728691200,1.095
AEUR,1728777600,1.096
AEUR,1728864000,1.093
AEUR,1728950400,1.089
AEUR,1729036800,1.088
AEUR,1729123200,1.085
AEUR,1729209600,1.087
AEUR,1729296000,1.088
AEUR,1729382400,1.088
CLIPS,1726790400,2.8e-07
CLIPS,1726876800,2.7e-07
CLIPS,1726963200,2.7e-07
CLIPS,1727049600,2.8e-07
CLIPS,1727136000,2.9e-07
CLIPS,1727222400,2.8e-07
CLIPS,1727308800,2.8e-07
CLIPS,1727395200,3e-07
CLIPS,1727481600,3.1e-07
CLIPS,1727568000,2.9e-07
CLIPS,1727654400,2.9e-07
CLIPS,1727740800,3e-07
CLIPS,1727827200,3e-07
CLIPS,1727913600,3e-07
CLIPS,1728000000,3e-07
CLIPS,1728086400,2.8e-07
CLIPS,1728172800,2.9e-07
CLIPS,1728259200,2.9e-07
CLIPS,1728345600,2.9e-07
CLIPS,1728432000,2.9e-07
CLIPS,1728518400,2.9e-07
CLIPS,1728604800,2.9e-07
CLIPS,1728691200,2.9e-07
CLIPS,1728777600,2.9e-07
CLIPS,1728864000,2.9e-07
CLIPS,1728950400,2.9e-07
CLIPS,1729036800,2.9e-07
CLIPS,1729123200,3e-07
CLIPS,1729209600,3e-07
CLIPS,1729296000,3.3e-07
CLIPS,1729382400,3.4e-07
VIVID,1726790400,3.2e-06
VIVID,1726876800,0.01077
VIVID,1726963200,0.01081
VIVID,1727049600,0.01077
VIVID,1727136000,0.01093
VIVID,1727222400,0.01073
VIVID,1727308800,3.19e-06
VIVID,1727395200,3.2e-06
VIVID,1727481600,0.0112
VIVID,1727568000,0.01115
VIVID,1727654400,0.01076
VIVID,1727740800,0.01033
VIVID,1727827200,0.01031
VIVID,1727913600,0.01033
VIVID,1728000000,0.01056
VIVID,1728086400,0.01055
VIVID,1728172800,0.01068
VIVID,1728259200,0.01058
VIVID,1728345600,3.2e-06
VIVID,1728432000,3.2e-06
VIVID,1728518400,3.2e-06
VIVID,1728604800,0.01063
VIVID,1728691200,0.01074
VIVID,1728777600,3.35e-06
VIVID,1728864000,0.01123
VIVID,1728950400,0.0114
VIVID,1729036800,0.01149
VIVID,1729123200,0.01146
VIVID,1729209600,0.01163
VIVID,1729296000,0.01162
VIVID,1729382400,0.01128
GDC,1726790400,4.46e-06
GDC,1726876800,4.46e-06
GDC,1726963200,4.46e-06
GDC,1727049600,4.46e-06
GDC,1727136000,4.46e-06
GDC,1727222400,4.46e-06
GDC,1727308800,4.46e-06
GDC,1727395200,4.46e-06
GDC,1727481600,4.46e-06
GDC,1727568000,4.46e-06
GDC,1727654400,4.46e-06
GDC,1727740800,4.46e-06
GDC,1727827200,4.46e-06
GDC,1727913600,4.46e-06
GDC,1728000000,4.46e-06
GDC,1728086400,4.46e-06
GDC,1728172800,4.46e-06
GDC,1728259200,4.46e-06
GDC,1728345600,4.46e-06
GDC,1728432000,4.46e-06
GDC,1728518400,4.46e-06
GDC,1728604800,4.46e-06
GDC,1728691200,4.46e-06
GDC,1728777600,4.46e-06
GDC,1728864000,4.46e-06
GDC,1728950400,4.46e-06
GDC,1729036800,4.46e-06
GDC,1729123200,4.46e-06
GDC,1729209600,4.46e-06
GDC,1729296000,4.46e-06
GDC,1729382400,4.46e-06
QASH,1726790400,0.01264
QASH,1726876800,0.01204
QASH,1726963200,0.01272
QASH,1727049600,0.01203
QASH,1727136000,0.01157
QASH,1727222400,0.01263
QASH,1727308800,0.01238
QASH,1727395200,0.01184
QASH,1727481600,0.01186
QASH,1727568000,0.01247
QASH,1727654400,0.01203
QASH,1727740800,0.01155
QASH,1727827200,0.01092
QASH,1727913600,0.01093
QASH,1728000000,0.0118
QASH,1728086400,0.01179
QASH,1728172800,0.01194
QASH,1728259200,0.01244
QASH,1728345600,0.01118
QASH,1728432000,0.01091
QASH,1728518400,0.01116
QASH,1728604800,0.01112
QASH,1728691200,0.01201
QASH,1728777600,0.01101
QASH,1728864000,0.01086
QASH,1728950400,0.01178
QASH,1729036800,0.01355
QASH,1729123200,0.01334
QASH,1729209600,0.01369
QASH,1729296000,0.01367
QASH,1729382400,0.0134
UUU,1726790400,5.06e-06
UUU,1726876800,5.07e-06
UUU,1726963200,5.09e-06
UUU,1727049600,5.07e-06
UUU,1727136000,5.14e-06
UUU,1727222400,5.05e-06
UUU,1727308800,5.21e-06
UUU,1727395200,5.26e-06
UUU,1727481600,5.27e-06
UUU,1727568000,5.25e-06
UUU,1727654400,5.07e-06
UUU,1727740800,4.86e-06
UUU,1727827200,4.85e-06
UUU,1727913600,4.86e-06
UUU,1728000000,4.97e-06
UUU,1728086400,4.96e-06
UUU,1728172800,5.03e-06
UUU,1728259200,4.98e-06
UUU,1728345600,4.97e-06
UUU,1728432000,4.85e-06
UUU,1728518400,4.82e-06
UUU,1728604800,5e-06
UUU,1728691200,5.06e-06
UUU,1728777600,5.03e-06
UUU,1728864000,5.29e-06
UUU,1728950400,5.37e-06
UUU,1729036800,5.41e-06
UUU,1729123200,5.39e-06
UUU,1729209600,5.47e-06
UUU,1729296000,5.47e-06
UUU,1729382400,5.47e-06
AICORE,1726790400,0.9686
AICORE,1726876800,1.058
AICORE,1726963200,1.118
AICORE,1727049600,1.112
AICORE,1727136000,1.06
AICORE,1727222400,1.055
AICORE,1727308800,1.046
AICORE,1727395200,1.048
AICORE,1727481600,1.111
AICORE,1727568000,1.201
AICORE,1727654400,1.095
AICORE,1727740800,0.8814
AICORE,1727827200,0.9057
AICORE,1727913600,0.9363
AICORE,1728000000,0.9825
AICORE,1728086400,0.9945
AICORE,1728172800,0.9882
AICORE,1728259200,0.9788
AICORE,1728345600,0.926
AICORE,1728432000,0.9439
AICORE,1728518400,0.9288
AICORE,1728604800,0.9529
AICORE,1728691200,0.9446
AICORE,1728777600,0.9425
AICORE,1728864000,0.9815
AICORE,1728950400,0.9724
AICORE,1729036800,0.7847
AICORE,1729123200,0.8221
AICORE,1729209600,0.8466
AICORE,1729296000,0.9163
AICORE,1729382400,0.9163
ACM,1726790400,1.457
ACM,1726876800,1.489
ACM,1726963200,1.456
ACM,1727049600,1.451
ACM,1727136000,1.472
ACM,1727222400,1.446
ACM,1727308800,1.479
ACM,1727395200,1.661
ACM,1727481600,1.492
ACM,1727568000,1.495
ACM,1727654400,1.498
ACM,1727740800,1.371
ACM,1727827200,1.372
ACM,1727913600,1.395
ACM,1728000000,1.368
ACM,1728086400,1.537
ACM,1728172800,1.445
ACM,1728259200,1.78
ACM,1728345600,1.513
ACM,1728432000,1.521
ACM,1728518400,1.661
ACM,1728604800,1.577
ACM,1728691200,1.555
ACM,1728777600,1.627
ACM,1728864000,1.596
ACM,1728950400,1.59
ACM,1729036800,1.558
ACM,1729123200,1.648
ACM,1729209600,1.579
ACM,1729296000,1.561
ACM,1729382400,1.57
VISION,1726790400,0.001861
VISION,1726876800,0.001972
VISION,1726963200,0.001829
VISION,1727049600,0.001826
VISION,1727136000,0.001712
VISION,1727222400,0.001857
VISION,1727308800,0.001908
VISION,1727395200,0.002016
VISION,1727481600,0.002028
VISION,1727568000,0.001938
VISION,1727654400,0.001835
VISION,1727740800,0.001681
VISION,1727827200,0.001674
VISION,1727913600,0.001582
VISION,1728000000,0.00171
VISION,1728086400,0.001659
VISION,1728172800,0.001659
VISION,1728259200,0.001688
VISION,1728345600,0.001668
VISION,1728432000,0.001613
VISION,1728518400,0.001615
VISION,1728604800,0.001628
VISION,1728691200,0.001519
VISION,1728777600,0.001483
VISION,1728864000,0.00152
VISION,1728950400,0.001503
VISION,1729036800,0.001504
VISION,1729123200,0.001456
VISION,1729209600,0.001529
VISION,1729296000,0.001568
VISION,1729382400,0.001682
YTN,1726790400,0.001264
YTN,1726876800,0.001267
YTN,1726963200,0.001272
YTN,1727049600,0.0006334
YTN,1727136000,0.0006428
YTN,1727222400,0.0006314
YTN,1727308800,0.002607
YTN,1727395200,0.0006579
YTN,1727481600,0.001317
YTN,1727568000,0.001312
YTN,1727654400,0.001899
YTN,1727740800,0.001216
YTN,1727827200,0.001213
YTN,1727913600,0.001215
YTN,1728000000,0.0006209
YTN,1728086400,0.0006206
YTN,1728172800,0.0006282
YTN,1728259200,0.0006221
YTN,1728345600,0.0006213
YTN,1728432000,0.0006059
YTN,1728518400,0.001206
YTN,1728604800,0.0006252
YTN,1728691200,0.000632
YTN,1728777600,0.0006285
YTN,1728864000,0.001321
YTN,1728950400,0.001341
YTN,1729036800,0.001352
YTN,1729123200,0.0006741
YTN,1729209600,0.001369
YTN,1729296000,0.0006837
YTN,1729382400,0.0008886
DAO,1726790400,0.2946
DAO,1726876800,0.3058
DAO,1726963200,0.3046
DAO,1727049600,0.3018
DAO,1727136000,0.3025
DAO,1727222400,0.3379
DAO,1727308800,0.3265
DAO,1727395200,0.3342
DAO,1727481600,0.3318
DAO,1727568000,0.3376
DAO,1727654400,0.307
DAO,1727740800,0.2913
DAO,1727827200,0.2836
DAO,1727913600,0.2796
DAO,1728000000,0.2849
DAO,1728086400,0.2801
DAO,1728172800,0.283
DAO,1728259200,0.2858
DAO,1728345600,0.2757
DAO,1728432000,0.2629
DAO,1728518400,0.2766
DAO,1728604800,0.2854
DAO,1728691200,0.2847
DAO,1728777600,0.2838
DAO,1728864000,0.2997
DAO,1728950400,0.292
DAO,1729036800,0.3003
DAO,1729123200,0.2892
DAO,1729209600,0.2906
DAO,1729296000,0.2966
DAO,1729382400,0.2966
MCADE,1726790400,0.005827
MCADE,1726876800,0.005737
MCADE,1726963200,0.006057
MCADE,1727049600,0.005945
MCADE,1727136000,0.006115
MCADE,1727222400,0.005978
MCADE,1727308800,0.006724
MCADE,1727395200,0.006408
MCADE,1727481600,0.005896
MCADE,1727568000,0.006312
MCADE,1727654400,0.007114
MCADE,1727740800,0.007668
MCADE,1727827200,0.00716
MCADE,1727913600,0.006905
MCADE,1728000000,0.007254
MCADE,1728086400,0.007148
MCADE,1728172800,0.007372
MCADE,1728259200,0.007233
MCADE,1728345600,0.007221
MCADE,1728432000,0.007609
MCADE,1728518400,0.008674
MCADE,1728604800,0.009494
MCADE,1728691200,0.009105
MCADE,1728777600,0.00882
MCADE,1728864000,0.008113
MCADE,1728950400,0.008127
MCADE,1729036800,0.008381
MCADE,1729123200,0.009156
MCADE,1729209600,0.009145
MCADE,1729296000,0.009031
MCADE,1729382400,0.009191
KLUB,1726790400,0.00072
KLUB,1726876800,0.00072
KLUB,1726963200,0.00072
KLUB,1727049600,0.00072
KLUB,1727136000,0.0007207
KLUB,1727222400,0.0007199
KLUB,1727308800,0.00072
KLUB,1727395200,0.00072
KLUB,1727481600,0.00072
KLUB,1727568000,0.00072
KLUB,1727654400,0.0007199
KLUB,1727740800,0.0007199
KLUB,1727827200,0.0007199
KLUB,1727913600,0.00072
KLUB,1728000000,0.00072
KLUB,1728086400,0.00072
KLUB,1728172800,0.00072
KLUB,1728259200,0.0007199
KLUB,1728345600,0.0007196
KLUB,1728432000,0.0007194
KLUB,1728518400,0.0007194
KLUB,1728604800,0.0007198
KLUB,1728691200,0.00072
KLUB,1728777600,0.0007199
KLUB,1728864000,0.0007198
KLUB,1728950400,0.0007199
KLUB,1729036800,0.0007199
KLUB,1729123200,0.0007198
KLUB,1729209600,0.0007199
KLUB,1729296000,0.0007199
KLUB,1729382400,0.0007199
TRIVIA,1726790400,0.0003674
TRIVIA,1726876800,0.0003614
TRIVIA,1726963200,0.0003575
TRIVIA,1727049600,0.0003659
TRIVIA,1727136000,0.0003648
TRIVIA,1727222400,0.0003815
TRIVIA,1727308800,0.0003672
TRIVIA,1727395200,0.0003647
TRIVIA,1727481600,0.0003993
TRIVIA,1727568000,0.0004053
TRIVIA,1727654400,0.0003769
TRIVIA,1727740800,0.0003604
TRIVIA,1727827200,0.0003629
TRIVIA,1727913600,0.0003647
TRIVIA,1728000000,0.0003621
TRIVIA,1728086400,0.0003454
TRIVIA,1728172800,0.0003608
TRIVIA,1728259200,0.0004416
TRIVIA,1728345600,0.0004185
TRIVIA,1728432000,0.000447
TRIVIA,1728518400,0.0004153
TRIVIA,1728604800,0.0004017
TRIVIA,1728691200,0.0003915
TRIVIA,1728777600,0.0003784
TRIVIA,1728864000,0.0003796
TRIVIA,1728950400,0.000436
TRIVIA,1729036800,0.0003806
TRIVIA,1729123200,0.0003304
TRIVIA,1729209600,0.000332
TRIVIA,1729296000,0.0003407
TRIVIA,1729382400,0.0003401
CHER,1726790400,0.002803
CHER,1726876800,0.00281
CHER,1726963200,0.002799
CHER,1727049600,0.002755
CHER,1727136000,0.002713
CHER,1727222400,0.002719
CHER,1727308800,0.002807
CHER,1727395200,0.002926
CHER,1727481600,0.002882
CHER,1727568000,0.002769
CHER,1727654400,0.002762
CHER,1727740800,0.002754
CHER,1727827200,0.002739
CHER,1727913600,0.002717
CHER,1728000000,0.002717
CHER,1728086400,0.002691
CHER,1728172800,0.002695
CHER,1728259200,0.002705
CHER,1728345600,0.002679
CHER,1728432000,0.002638
CHER,1728518400,0.00259
CHER,1728604800,0.002587
CHER,1728691200,0.002568
CHER,1728777600,0.002554
CHER,1728864000,0.002476
CHER,1728950400,0.00242
CHER,1729036800,0.002315
CHER,1729123200,0.002199
CHER,1729209600,0.002156
CHER,1729296000,0.00212
CHER,1729382400,0.002116
XPR,1726790400,0.0008967
XPR,1726876800,0.0008885
XPR,1726963200,0.0008777
XPR,1727049600,0.0008736
XPR,1727136000,0.0008491
XPR,1727222400,0.0008513
XPR,1727308800,0.0008425
XPR,1727395200,0.0009165
XPR,1727481600,0.0008563
XPR,1727568000,0.0008506
XPR,1727654400,0.0008325
XPR,1727740800,0.0008077
XPR,1727827200,0.00078
XPR,1727913600,0.0007754
XPR,1728000000,0.0007968
XPR,1728086400,0.000821
XPR,1728172800,0.0008052
XPR,1728259200,0.0007993
XPR,1728345600,0.0008051
XPR,1728432000,0.0007579
XPR,1728518400,0.000763
XPR,1728604800,0.0007805
XPR,1728691200,0.0007675
XPR,1728777600,0.0007651
XPR,1728864000,0.0007887
XPR,1728950400,0.0007821
XPR,1729036800,0.0008094
XPR,1729123200,0.0007815
XPR,1729209600,0.0007927
XPR,1729296000,0.0007944
XPR,1729382400,0.0007845
CUSDT,1726790400,0.0191
CUSDT,1726876800,0.0191
CUSDT,1726963200,0.0191
CUSDT,1727049600,0.0191
CUSDT,1727136000,0.01912
CUSDT,1727222400,0.0191
CUSDT,1727308800,0.0191
CUSDT,1727395200,0.0191
CUSDT,1727481600,0.0191
CUSDT,1727568000,0.0191
CUSDT,1727654400,0.0191
CUSDT,1727740800,0.0191
CUSDT,1727827200,0.0191
CUSDT,1727913600,0.0191
CUSDT,1728000000,0.0191
CUSDT,1728086400,0.0191
CUSDT,1728172800,0.0191
CUSDT,1728259200,0.0191
CUSDT,1728345600,0.01909
CUSDT,1728432000,0.01908
CUSDT,1728518400,0.01908
CUSDT,1728604800,0.01909
CUSDT,1728691200,0.0191
CUSDT,1728777600,0.0191
CUSDT,1728864000,0.01909
CUSDT,1728950400,0.0191
CUSDT,1729036800,0.0191
CUSDT,1729123200,0.01909
CUSDT,1729209600,0.0191
CUSDT,1729296000,0.0191
CUSDT,1729382400,0.0191
FOR,1726790400,0.003817
FOR,1726876800,0.00426
FOR,1726963200,0.004285
FOR,1727049600,0.00405
FOR,1727136000,0.003847
FOR,1727222400,0.003789
FOR,1727308800,0.003976
FOR,1727395200,0.003855
FOR,1727481600,0.003907
FOR,1727568000,0.003937
FOR,1727654400,0.003954
FOR,1727740800,0.003647
FOR,1727827200,0.003593
FOR,1727913600,0.003572
FOR,1728000000,0.003839
FOR,1728086400,0.003695
FOR,1728172800,0.003684
FOR,1728259200,0.003827
FOR,1728345600,0.003728
FOR,1728432000,0.003742
FOR,1728518400,0.003887
FOR,1728604800,0.003854
FOR,1728691200,0.003912
FOR,1728777600,0.003727
FOR,1728864000,0.003996
FOR,1728950400,0.004614
FOR,1729036800,0.004256
FOR,1729123200,0.004012
FOR,1729209600,0.004043
FOR,1729296000,0.004184
FOR,1729382400,0.004052
PBUX,1726790400,0.02191
PBUX,1726876800,0.02645
PBUX,1726963200,0.02475
PBUX,1727049600,0.02625
PBUX,1727136000,0.02529
PBUX,1727222400,0.0241
PBUX,1727308800,0.02454
PBUX,1727395200,0.02873
PBUX,1727481600,0.03151
PBUX,1727568000,0.02963
PBUX,1727654400,0.02735
PBUX,1727740800,0.02301
PBUX,1727827200,0.02395
PBUX,1727913600,0.02327
PBUX,1728000000,0.02308
PBUX,1728086400,0.02229
PBUX,1728172800,0.02258
PBUX,1728259200,0.02247
PBUX,1728345600,0.02166
PBUX,1728432000,0.02218
PBUX,1728518400,0.02191
PBUX,1728604800,0.02351
PBUX,1728691200,0.02298
PBUX,1728777600,0.02173
PBUX,1728864000,0.02199
PBUX,1728950400,0.02166
PBUX,1729036800,0.0213
PBUX,1729123200,0.02123
PBUX,1729209600,0.02214
PBUX,1729296000,0.02324
PBUX,1729382400,0.0238
SOLSCC,1726790400,0.00495
SOLSCC,1726876800,0.00451
SOLSCC,1726963200,0.00451
SOLSCC,1727049600,0.00411
SOLSCC,1727136000,0.004104
SOLSCC,1727222400,0.003969
SOLSCC,1727308800,0.00418
SOLSCC,1727395200,0.00324
SOLSCC,1727481600,0.00382
SOLSCC,1727568000,0.00404
SOLSCC,1727654400,0.00375
SOLSCC,1727740800,0.003839
SOLSCC,1727827200,0.004
SOLSCC,1727913600,0.00426
SOLSCC,1728000000,0.00408
SOLSCC,1728086400,0.00402
SOLSCC,1728172800,0.00369
SOLSCC,1728259200,0.003919
SOLSCC,1728345600,0.004118
SOLSCC,1728432000,0.004366
SOLSCC,1728518400,0.003887
SOLSCC,1728604800,0.004359
SOLSCC,1728691200,0.00356
SOLSCC,1728777600,0.00333
SOLSCC,1728864000,0.003079
SOLSCC,1728950400,0.00346
SOLSCC,1729036800,0.0033
SOLSCC,1729123200,0.002909
SOLSCC,1729209600,0.00295
SOLSCC,1729296000,0.002939
SOLSCC,1729382400,0.002779
MOC,1726790400,0.05752
MOC,1726876800,0.07223
MOC,1726963200,0.08394
MOC,1727049600,0.07411
MOC,1727136000,0.06878
MOC,1727222400,0.06756
MOC,1727308800,0.06779
MOC,1727395200,0.06776
MOC,1727481600,0.06916
MOC,1727568000,0.06889
MOC,1727654400,0.06711
MOC,1727740800,0.06201
MOC,1727827200,0.06185
MOC,1727913600,0.06014
MOC,1728000000,0.06272
MOC,1728086400,0.06454
MOC,1728172800,0.06659
MOC,1728259200,0.06532
MOC,1728345600,0.06648
MOC,1728432000,0.06604
MOC,1728518400,0.06329
MOC,1728604800,0.06814
MOC,1728691200,0.07015
MOC,1728777600,0.06977
MOC,1728864000,0.074
MOC,1728950400,0.07042
MOC,1729036800,0.06897
MOC,1729123200,0.06876
MOC,1729209600,0.0739
MOC,1729296000,0.06905
MOC,1729382400,0.06904
PWR,1726790400,0.002151
PWR,1726876800,0.002166
PWR,1726963200,0.002173
PWR,1727049600,0.00223
PWR,1727136000,0.002204
PWR,1727222400,0.002163
PWR,1727308800,0.002216
PWR,1727395200,0.002245
PWR,1727481600,0.002225
PWR,1727568000,0.002235
PWR,1727654400,0.002133
PWR,1727740800,0.002076
PWR,1727827200,0.001983
PWR,1727913600,0.001958
PWR,1728000000,0.000867
PWR,1728086400,0.000867
PWR,1728172800,0.000867
PWR,1728259200,0.0017
PWR,1728345600,0.001999
PWR,1728432000,0.002286
PWR,1728518400,0.001841
PWR,1728604800,0.001841
PWR,1728691200,0.00214
PWR,1728777600,0.002112
PWR,1728864000,0.001814
PWR,1728950400,0.00185
PWR,1729036800,0.0018
PWR,1729123200,0.002196
PWR,1729209600,0.00175
PWR,1729296000,0.001779
PWR,1729382400,0.001779
MAHA,1726790400,1.462
MAHA,1726876800,1.676
MAHA,1726963200,1.656
MAHA,1727049600,1.738
MAHA,1727136000,1.071
MAHA,1727222400,1.573
MAHA,1727308800,1.864
MAHA,1727395200,1.825
MAHA,1727481600,1.888
MAHA,1727568000,1.786
MAHA,1727654400,1.749
MAHA,1727740800,1.767
MAHA,1727827200,1.679
MAHA,1727913600,1.749
MAHA,1728000000,1.703
MAHA,1728086400,1.723
MAHA,1728172800,1.047
MAHA,1728259200,1.666
MAHA,1728345600,1.584
MAHA,1728432000,1.53
MAHA,1728518400,1.522
MAHA,1728604800,1.042
MAHA,1728691200,1.053
MAHA,1728777600,1.047
MAHA,1728864000,1.101
MAHA,1728950400,1.348
MAHA,1729036800,1.156
MAHA,1729123200,1.181
MAHA,1729209600,1.169
MAHA,1729296000,1.156
MAHA,1729382400,1.119
FCON,1726790400,0.0001031
FCON,1726876800,0.0001111
FCON,1726963200,0.0001309
FCON,1727049600,0.0001307
FCON,1727136000,0.0001308
FCON,1727222400,0.0001466
FCON,1727308800,0.0001481
FCON,1727395200,0.0001487
FCON,1727481600,0.0001419
FCON,1727568000,0.0001497
FCON,1727654400,0.0001377
FCON,1727740800,0.0001333
FCON,1727827200,0.0001273
FCON,1727913600,0.0001176
FCON,1728000000,0.0001255
FCON,1728086400,0.000132
FCON,1728172800,0.0001337
FCON,1728259200,0.0001197
FCON,1728345600,0.0001193
FCON,1728432000,0.0001071
FCON,1728518400,0.0001066
FCON,1728604800,0.000114
FCON,1728691200,0.000117
FCON,1728777600,0.0001113
FCON,1728864000,0.0001197
FCON,1728950400,0.0001125
FCON,1729036800,0.0001174
FCON,1729123200,0.0001147
FCON,1729209600,0.0001102
FCON,1729296000,0.000102
FCON,1729382400,0.0001023
BUX,1726790400,0.02718
BUX,1726876800,0.02725
BUX,1726963200,0.02734
BUX,1727049600,0.02724
BUX,1727136000,0.02764
BUX,1727222400,0.02715
BUX,1727308800,0.02803
BUX,1727395200,0.02829
BUX,1727481600,0.02832
BUX,1727568000,0.02821
BUX,1727654400,0.02723
BUX,1727740800,0.02614
BUX,1727827200,0.02608
BUX,1727913600,0.02612
BUX,1728000000,0.0267
BUX,1728086400,0.02669
BUX,1728172800,0.02701
BUX,1728259200,0.02675
BUX,1728345600,0.02672
BUX,1728432000,0.02605
BUX,1728518400,0.02592
BUX,1728604800,0.02688
BUX,1728691200,0.02717
BUX,1728777600,0.02703
BUX,1728864000,0.02841
BUX,1728950400,0.02884
BUX,1729036800,0.02907
BUX,1729123200,0.02899
BUX,1729209600,0.02942
BUX,1729296000,0.0294
BUX,1729382400,0.02905
MLK,1726790400,0.2313
MLK,1726876800,0.2358
MLK,1726963200,0.2236
MLK,1727049600,0.224
MLK,1727136000,0.2271
MLK,1727222400,0.2224
MLK,1727308800,0.2283
MLK,1727395200,0.2313
MLK,1727481600,0.2291
MLK,1727568000,0.2294
MLK,1727654400,0.2209
MLK,1727740800,0.2114
MLK,1727827200,0.2067
MLK,1727913600,0.2044
MLK,1728000000,0.2105
MLK,1728086400,0.2212
MLK,1728172800,0.2239
MLK,1728259200,0.2163
MLK,1728345600,0.2135
MLK,1728432000,0.2072
MLK,1728518400,0.2066
MLK,1728604800,0.2152
MLK,1728691200,0.2152
MLK,1728777600,0.2096
MLK,1728864000,0.2164
MLK,1728950400,0.2142
MLK,1729036800,0.2111
MLK,1729123200,0.209
MLK,1729209600,0.2135
MLK,1729296000,0.2154
MLK,1729382400,0.2141
BCH,1726790400,335.89
BCH,1726876800,345.61
BCH,1726963200,342.69
BCH,1727049600,342.18
BCH,1727136000,348.04
BCH,1727222400,343.31
BCH,1727308800,351.89
BCH,1727395200,358.82
BCH,1727481600,352.53
BCH,1727568000,352.76
BCH,1727654400,337.19
BCH,1727740800,318
BCH,1727827200,316.16
BCH,1727913600,320.42
BCH,1728000000,324.73
BCH,1728086400,321.83
BCH,1728172800,324.62
BCH,1728259200,323.54
BCH,1728345600,328.96
BCH,1728432000,320.51
BCH,1728518400,322.78
BCH,1728604800,326.86
BCH,1728691200,329.33
BCH,1728777600,321.27
BCH,1728864000,369.18
BCH,1728950400,354.51
BCH,1729036800,365.38
BCH,1729123200,369.69
BCH,1729209600,367.22
BCH,1729296000,363.36
BCH,1729382400,359.95
NEPT,1726790400,2e-07
NEPT,1726876800,2e-07
NEPT,1726963200,2e-07
NEPT,1727049600,2e-07
NEPT,1727136000,2e-07
NEPT,1727222400,2e-07
NEPT,1727308800,2e-07
NEPT,1727395200,2e-07
NEPT,1727481600,5e-07
NEPT,1727568000,5e-07
NEPT,1727654400,2e-07
NEPT,1727740800,2e-07
NEPT,1727827200,2e-07
NEPT,1727913600,2e-07
NEPT,1728000000,2e-07
NEPT,1728086400,2e-07
NEPT,1728172800,2e-07
NEPT,1728259200,2e-07
NEPT,1728345600,2e-07
NEPT,1728432000,2e-07
NEPT,1728518400,2e-07
NEPT,1728604800,2e-07
NEPT,1728691200,2e-07
NEPT,1728777600,2e-07
NEPT,1728864000,2e-07
NEPT,1728950400,2e-07
NEPT,1729036800,2e-07
NEPT,1729123200,2e-07
NEPT,1729209600,2e-07
NEPT,1729296000,2e-07
NEPT,1729382400,2e-07
PART,1726790400,0.1753
PART,1726876800,0.1746
PART,1726963200,0.1725
PART,1727049600,0.1721
PART,1727136000,0.1737
PART,1727222400,0.1715
PART,1727308800,0.1718
PART,1727395200,0.1712
PART,1727481600,0.1691
PART,1727568000,0.168
PART,1727654400,0.1685
PART,1727740800,0.1688
PART,1727827200,0.1509
PART,1727913600,0.1542
PART,1728000000,0.1541
PART,1728086400,0.1534
PART,1728172800,0.1491
PART,1728259200,0.1505
PART,1728345600,0.1526
PART,1728432000,0.1524
PART,1728518400,0.1567
PART,1728604800,0.1569
PART,1728691200,0.1574
PART,1728777600,0.1589
PART,1728864000,0.1589
PART,1728950400,0.1589
PART,1729036800,0.1599
PART,1729123200,0.1601
PART,1729209600,0.1608
PART,1729296000,0.1621
PART,1729382400,0.1449
SPA,1726790400,0.007105
SPA,1726876800,0.0071
SPA,1726963200,0.007036
SPA,1727049600,0.007011
SPA,1727136000,0.006945
SPA,1727222400,0.006821
SPA,1727308800,0.006929
SPA,1727395200,0.007201
SPA,1727481600,0.0071
SPA,1727568000,0.007463
SPA,1727654400,0.00739
SPA,1727740800,0.006792
SPA,1727827200,0.006671
SPA,1727913600,0.006621
SPA,1728000000,0.00691
SPA,1728086400,0.006804
SPA,1728172800,0.006918
SPA,1728259200,0.006849
SPA,1728345600,0.006771
SPA,1728432000,0.006586
SPA,1728518400,0.006462
SPA,1728604800,0.006697
SPA,1728691200,0.006765
SPA,1728777600,0.007132
SPA,1728864000,0.007265
SPA,1728950400,0.006972
SPA,1729036800,0.006886
SPA,1729123200,0.006666
SPA,1729209600,0.006904
SPA,1729296000,0.007174
SPA,1729382400,0.007109
BSCPAD,1726790400,0.05406
BSCPAD,1726876800,0.05592
BSCPAD,1726963200,0.05576
BSCPAD,1727049600,0.05744
BSCPAD,1727136000,0.05758
BSCPAD,1727222400,0.05779
BSCPAD,1727308800,0.05766
BSCPAD,1727395200,0.06334
BSCPAD,1727481600,0.06155
BSCPAD,1727568000,0.05901
BSCPAD,1727654400,0.05828
BSCPAD,1727740800,0.05507
BSCPAD,1727827200,0.05413
BSCPAD,1727913600,0.05381
BSCPAD,1728000000,0.05409
BSCPAD,1728086400,0.05554
BSCPAD,1728172800,0.05539
BSCPAD,1728259200,0.05644
BSCPAD,1728345600,0.05611
BSCPAD,1728432000,0.054
BSCPAD,1728518400,0.05246
BSCPAD,1728604800,0.05341
BSCPAD,1728691200,0.05398
BSCPAD,1728777600,0.05356
BSCPAD,1728864000,0.05311
BSCPAD,1728950400,0.05136
BSCPAD,1729036800,0.05117
BSCPAD,1729123200,0.05054
BSCPAD,1729209600,0.04967
BSCPAD,1729296000,0.04978
BSCPAD,1729382400,0.05032
XAUT,1726790400,2622.1
XAUT,1726876800,2623.9
XAUT,1726963200,2625.5
XAUT,1727049600,2633.4
XAUT,1727136000,2662
XAUT,1727222400,2661.6
XAUT,1727308800,2675.8
XAUT,1727395200,2658.59
XAUT,1727481600,2664.5
XAUT,1727568000,2669.2
XAUT,1727654400,2634.53
XAUT,1727740800,2669.9
XAUT,1727827200,2666.6
XAUT,1727913600,2655.22
XAUT,1728000000,2658.6
XAUT,1728086400,2652.41
XAUT,1728172800,2649.19
XAUT,1728259200,2636.45
XAUT,1728345600,2620.61
XAUT,1728432000,2605.77
XAUT,1728518400,2634.76
XAUT,1728604800,2661.99
XAUT,1728691200,2656.8
XAUT,1728777600,2650.57
XAUT,1728864000,2653.5
XAUT,1728950400,2662
XAUT,1729036800,2673.6
XAUT,1729123200,2692.1
XAUT,1729209600,2716.6
XAUT,1729296000,2721.81
XAUT,1729382400,2714.25
OPIUM,1726790400,0.06443
OPIUM,1726876800,0.06572
OPIUM,1726963200,0.06492
OPIUM,1727049600,0.06658
OPIUM,1727136000,0.06673
OPIUM,1727222400,0.06488
OPIUM,1727308800,0.06622
OPIUM,1727395200,0.06779
OPIUM,1727481600,0.0673
OPIUM,1727568000,0.06074
OPIUM,1727654400,0.05911
OPIUM,1727740800,0.05784
OPIUM,1727827200,0.05845
OPIUM,1727913600,0.06415
OPIUM,1728000000,0.0595
OPIUM,1728086400,0.0595
OPIUM,1728172800,0.06149
OPIUM,1728259200,0.05619
OPIUM,1728345600,0.05628
OPIUM,1728432000,0.06267
OPIUM,1728518400,0.06319
OPIUM,1728604800,0.06046
OPIUM,1728691200,0.06014
OPIUM,1728777600,0.05798
OPIUM,1728864000,0.06007
OPIUM,1728950400,0.05978
OPIUM,1729036800,0.05634
OPIUM,1729123200,0.05575
OPIUM,1729209600,0.05691
OPIUM,1729296000,0.05884
OPIUM,1729382400,0.05885
HPO,1726790400,0.05499
HPO,1726876800,0.05576
HPO,1726963200,0.05723
HPO,1727049600,0.05764
HPO,1727136000,0.05785
HPO,1727222400,0.05683
HPO,1727308800,0.05867
HPO,1727395200,0.05921
HPO,1727481600,0.05928
HPO,1727568000,0.05905
HPO,1727654400,0.05698
HPO,1727740800,0.05471
HPO,1727827200,0.05458
HPO,1727913600,0.05224
HPO,1728000000,0.0534
HPO,1728086400,0.05337
HPO,1728172800,0.05528
HPO,1728259200,0.0535
HPO,1728345600,0.05343
HPO,1728432000,0.0521
HPO,1728518400,0.05184
HPO,1728604800,0.05376
HPO,1728691200,0.05435
HPO,1728777600,0.05405
HPO,1728864000,0.05682
HPO,1728950400,0.05432
HPO,1729036800,0.05342
HPO,1729123200,0.05325
HPO,1729209600,0.05542
HPO,1729296000,0.05538
HPO,1729382400,0.05537
FER,1726790400,0.003671
FER,1726876800,0.00375
FER,1726963200,0.003728
FER,1727049600,0.003673
FER,1727136000,0.003654
FER,1727222400,0.003674
FER,1727308800,0.003692
FER,1727395200,0.003711
FER,1727481600,0.003727
FER,1727568000,0.003658
FER,1727654400,0.003599
FER,1727740800,0.003499
FER,1727827200,0.003441
FER,1727913600,0.003391
FER,1728000000,0.003444
FER,1728086400,0.003439
FER,1728172800,0.003399
FER,1728259200,0.003395
FER,1728345600,0.003312
FER,1728432000,0.003313
FER,1728518400,0.003284
FER,1728604800,0.003291
FER,1728691200,0.003303
FER,1728777600,0.003301
FER,1728864000,0.003351
FER,1728950400,0.003293
FER,1729036800,0.003281
FER,1729123200,0.003272
FER,1729209600,0.003292
FER,1729296000,0.00328
FER,1729382400,0.003283
HARAMBE,1726790400,0.02089
HARAMBE,1726876800,0.02091
HARAMBE,1726963200,0.01833
HARAMBE,1727049600,0.01747
HARAMBE,1727136000,0.02345
HARAMBE,1727222400,0.02203
HARAMBE,1727308800,0.02632
HARAMBE,1727395200,0.02674
HARAMBE,1727481600,0.02385
HARAMBE,1727568000,0.02288
HARAMBE,1727654400,0.01969
HARAMBE,1727740800,0.02119
HARAMBE,1727827200,0.01928
HARAMBE,1727913600,0.01813
HARAMBE,1728000000,0.02252
HARAMBE,1728086400,0.02065
HARAMBE,1728172800,0.02666
HARAMBE,1728259200,0.02303
HARAMBE,1728345600,0.02928
HARAMBE,1728432000,0.03032
HARAMBE,1728518400,0.03485
HARAMBE,1728604800,0.03568
HARAMBE,1728691200,0.03552
HARAMBE,1728777600,0.04695
HARAMBE,1728864000,0.04697
HARAMBE,1728950400,0.04531
HARAMBE,1729036800,0.042
HARAMBE,1729123200,0.03736
HARAMBE,1729209600,0.03986
HARAMBE,1729296000,0.03551
HARAMBE,1729382400,0.03431
RENQ,1726790400,0.006495
RENQ,1726876800,0.006616
RENQ,1726963200,0.006968
RENQ,1727049600,0.006938
RENQ,1727136000,0.006927
RENQ,1727222400,0.007077
RENQ,1727308800,0.007222
RENQ,1727395200,0.006867
RENQ,1727481600,0.006316
RENQ,1727568000,0.005914
RENQ,1727654400,0.005997
RENQ,1727740800,0.005609
RENQ,1727827200,0.005283
RENQ,1727913600,0.005343
RENQ,1728000000,0.005797
RENQ,1728086400,0.005721
RENQ,1728172800,0.005619
RENQ,1728259200,0.005133
RENQ,1728345600,0.00514
RENQ,1728432000,0.00579
RENQ,1728518400,0.005515
RENQ,1728604800,0.005884
RENQ,1728691200,0.005676
RENQ,1728777600,0.005686
RENQ,1728864000,0.005668
RENQ,1728950400,0.005574
RENQ,1729036800,0.005186
RENQ,1729123200,0.005228
RENQ,1729209600,0.004038
RENQ,1729296000,0.004444
RENQ,1729382400,0.005063
QLC,1726790400,0.004586
QLC,1726876800,0.004678
QLC,1726963200,0.004621
QLC,1727049600,0.004738
QLC,1727136000,0.00475
QLC,1727222400,0.004618
QLC,1727308800,0.004713
QLC,1727395200,0.004825
QLC,1727481600,0.00479
QLC,1727568000,0.004758
QLC,1727654400,0.004657
QLC,1727740800,0.004381
QLC,1727827200,0.004231
QLC,1727913600,0.004206
QLC,1728000000,0.004322
QLC,1728086400,0.004322
QLC,1728172800,0.004368
QLC,1728259200,0.004336
QLC,1728345600,0.004367
QLC,1728432000,0.00424
QLC,1728518400,0.004268
QLC,1728604800,0.004366
QLC,1728691200,0.004432
QLC,1728777600,0.004418
QLC,1728864000,0.004706
QLC,1728950400,0.004666
QLC,1729036800,0.004674
QLC,1729123200,0.004663
QLC,1729209600,0.00473
QLC,1729296000,0.00474
QLC,1729382400,0.00474
XVG,1726790400,0.004047
XVG,1726876800,0.004116
XVG,1726963200,0.003932
XVG,1727049600,0.00416
XVG,1727136000,0.004232
XVG,1727222400,0.004051
XVG,1727308800,0.004245
XVG,1727395200,0.004456
XVG,1727481600,0.004327
XVG,1727568000,0.004406
XVG,1727654400,0.004106
XVG,1727740800,0.003684
XVG,1727827200,0.003586
XVG,1727913600,0.003546
XVG,1728000000,0.003738
XVG,1728086400,0.003655
XVG,1728172800,0.003827
XVG,1728259200,0.0038
XVG,1728345600,0.003926
XVG,1728432000,0.003654
XVG,1728518400,0.003606
XVG,1728604800,0.003738
XVG,1728691200,0.003851
XVG,1728777600,0.003791
XVG,1728864000,0.004066
XVG,1728950400,0.004003
XVG,1729036800,0.003918
XVG,1729123200,0.003788
XVG,1729209600,0.003882
XVG,1729296000,0.003935
XVG,1729382400,0.004045
ARBUZ,1726790400,0.0001599
ARBUZ,1726876800,0.0001599
ARBUZ,1726963200,0.0001599
ARBUZ,1727049600,0.0001599
ARBUZ,1727136000,0.0001601
ARBUZ,1727222400,0.0001599
ARBUZ,1727308800,0.0001599
ARBUZ,1727395200,0.0001599
ARBUZ,1727481600,0.0001599
ARBUZ,1727568000,0.0001599
ARBUZ,1727654400,0.0001599
ARBUZ,1727740800,0.0001599
ARBUZ,1727827200,0.0001599
ARBUZ,1727913600,0.0001599
ARBUZ,1728000000,0.0001599
ARBUZ,1728086400,0.0001599
ARBUZ,1728172800,0.0001599
ARBUZ,1728259200,0.0001599
ARBUZ,1728345600,0.0001598
ARBUZ,1728432000,0.0001598
ARBUZ,1728518400,0.0001598
ARBUZ,1728604800,0.0001599
ARBUZ,1728691200,0.0001599
ARBUZ,1728777600,0.0001599
ARBUZ,1728864000,0.0001599
ARBUZ,1728950400,0.0001599
ARBUZ,1729036800,0.0001599
ARBUZ,1729123200,0.0001599
ARBUZ,1729209600,0.0001599
ARBUZ,1729296000,0.0001599
ARBUZ,1729382400,0.0001599
HIRENGA,1726790400,0.000188
HIRENGA,1726876800,0.000188
HIRENGA,1726963200,0.000188
HIRENGA,1727049600,0.000188
HIRENGA,1727136000,0.0001882
HIRENGA,1727222400,0.000188
HIRENGA,1727308800,0.000188
HIRENGA,1727395200,0.000188
HIRENGA,1727481600,0.000188
HIRENGA,1727568000,0.000188
HIRENGA,1727654400,0.000188
HIRENGA,1727740800,0.000188
HIRENGA,1727827200,0.000188
HIRENGA,1727913600,0.000188
HIRENGA,1728000000,0.000188
HIRENGA,1728086400,0.000188
HIRENGA,1728172800,0.000188
HIRENGA,1728259200,0.000188
HIRENGA,1728345600,0.0001879
HIRENGA,1728432000,0.0001878
HIRENGA,1728518400,0.0001878
HIRENGA,1728604800,0.0001879
HIRENGA,1728691200,0.000188
HIRENGA,1728777600,0.000188
HIRENGA,1728864000,0.0001879
HIRENGA,1728950400,0.000188
HIRENGA,1729036800,0.000188
HIRENGA,1729123200,0.0001879
HIRENGA,1729209600,0.000188
HIRENGA,1729296000,0.000188
HIRENGA,1729382400,0.000188
BS,1726790400,2.74e-06
BS,1726876800,2.74e-06
BS,1726963200,2.74e-06
BS,1727049600,2.74e-06
BS,1727136000,2.74e-06
BS,1727222400,2.74e-06
BS,1727308800,2.74e-06
BS,1727395200,2.74e-06
BS,1727481600,2.74e-06
BS,1727568000,2.74e-06
BS,1727654400,2.74e-06
BS,1727740800,2.74e-06
BS,1727827200,2.74e-06
BS,1727913600,2.74e-06
BS,1728000000,2.74e-06
BS,1728086400,2.74e-06
BS,1728172800,2.74e-06
BS,1728259200,2.74e-06
BS,1728345600,2.74e-06
BS,1728432000,2.74e-06
BS,1728518400,2.74e-06
BS,1728604800,2.74e-06
BS,1728691200,2.74e-06
BS,1728777600,2.74e-06
BS,1728864000,2.74e-06
BS,1728950400,2.74e-06
BS,1729036800,2.74e-06
BS,1729123200,2.74e-06
BS,1729209600,2.74e-06
BS,1729296000,2.74e-06
BS,1729382400,2.74e-06
AVIVE,1726790400,0.002673
AVIVE,1726876800,0.002658
AVIVE,1726963200,0.002581
AVIVE,1727049600,0.00259
AVIVE,1727136000,0.002731
AVIVE,1727222400,0.002669
AVIVE,1727308800,0.00264
AVIVE,1727395200,0.002885
AVIVE,1727481600,0.003066
AVIVE,1727568000,0.003044
AVIVE,1727654400,0.002741
AVIVE,1727740800,0.002545
AVIVE,1727827200,0.0025
AVIVE,1727913600,0.002444
AVIVE,1728000000,0.002442
AVIVE,1728086400,0.002408
AVIVE,1728172800,0.002441
AVIVE,1728259200,0.002417
AVIVE,1728345600,0.002363
AVIVE,1728432000,0.002208
AVIVE,1728518400,0.002199
AVIVE,1728604800,0.002227
AVIVE,1728691200,0.002265
AVIVE,1728777600,0.002234
AVIVE,1728864000,0.002406
AVIVE,1728950400,0.002672
AVIVE,1729036800,0.00272
AVIVE,1729123200,0.002744
AVIVE,1729209600,0.002973
AVIVE,1729296000,0.003159
AVIVE,1729382400,0.003055
XACT,1726790400,0.01669
XACT,1726876800,0.01666
XACT,1726963200,0.01664
XACT,1727049600,0.01668
XACT,1727136000,0.0164
XACT,1727222400,0.01646
XACT,1727308800,0.01608
XACT,1727395200,0.01609
XACT,1727481600,0.0161
XACT,1727568000,0.01606
XACT,1727654400,0.01612
XACT,1727740800,0.01611
XACT,1727827200,0.01603
XACT,1727913600,0.01603
XACT,1728000000,0.01588
XACT,1728086400,0.01582
XACT,1728172800,0.01582
XACT,1728259200,0.01582
XACT,1728345600,0.01579
XACT,1728432000,0.01578
XACT,1728518400,0.01578
XACT,1728604800,0.01576
XACT,1728691200,0.01495
XACT,1728777600,0.01496
XACT,1728864000,0.01497
XACT,1728950400,0.01497
XACT,1729036800,0.01497
XACT,1729123200,0.015
XACT,1729209600,0.01143
XACT,1729296000,0.01143
XACT,1729382400,0.01143
DOGE20,1726790400,6e-09
DOGE20,1726876800,6e-09
DOGE20,1726963200,6e-09
DOGE20,1727049600,6e-09
DOGE20,1727136000,6e-09
DOGE20,1727222400,6e-09
DOGE20,1727308800,6e-09
DOGE20,1727395200,6e-09
DOGE20,1727481600,6e-09
DOGE20,1727568000,6e-09
DOGE20,1727654400,5e-09
DOGE20,1727740800,5e-09
DOGE20,1727827200,5e-09
DOGE20,1727913600,5e-09
DOGE20,1728000000,5e-09
DOGE20,1728086400,5e-09
DOGE20,1728172800,5e-09
DOGE20,1728259200,6e-09
DOGE20,1728345600,6e-09
DOGE20,1728432000,6e-09
DOGE20,1728518400,6e-09
DOGE20,1728604800,6e-09
DOGE20,1728691200,7e-09
DOGE20,1728777600,6e-09
DOGE20,1728864000,6e-09
DOGE20,1728950400,6e-09
DOGE20,1729036800,5e-09
DOGE20,1729123200,5e-09
DOGE20,1729209600,5e-09
DOGE20,1729296000,5e-09
DOGE20,1729382400,5e-09
BIST,1726790400,0.01683
BIST,1726876800,0.01685
BIST,1726963200,0.0171
BIST,1727049600,0.01771
BIST,1727136000,0.01773
BIST,1727222400,0.01772
BIST,1727308800,0.01742
BIST,1727395200,0.01769
BIST,1727481600,0.01766
BIST,1727568000,0.01775
BIST,1727654400,0.01772
BIST,1727740800,0.01714
BIST,1727827200,0.01628
BIST,1727913600,0.01627
BIST,1728000000,0.01627
BIST,1728086400,0.01613
BIST,1728172800,0.01579
BIST,1728259200,0.01622
BIST,1728345600,0.01568
BIST,1728432000,0.01568
BIST,1728518400,0.01571
BIST,1728604800,0.01572
BIST,1728691200,0.01577
BIST,1728777600,0.01579
BIST,1728864000,0.01515
BIST,1728950400,0.01477
BIST,1729036800,0.01474
BIST,1729123200,0.01489
BIST,1729209600,0.01486
BIST,1729296000,0.01486
BIST,1729382400,0.01486
MR,1726790400,1e-07
MR,1726876800,1e-07
MR,1726963200,1e-07
MR,1727049600,1e-07
MR,1727136000,1e-07
MR,1727222400,1e-07
MR,1727308800,1e-07
MR,1727395200,1e-07
MR,1727481600,1e-07
MR,1727568000,1e-07
MR,1727654400,1e-07
MR,1727740800,1e-07
MR,1727827200,1e-07
MR,1727913600,1e-07
MR,1728000000,1e-07
MR,1728086400,1e-07
MR,1728172800,1e-07
MR,1728259200,1e-07
MR,1728345600,1e-07
MR,1728432000,1e-07
MR,1728518400,1e-07
MR,1728604800,1e-07
MR,1728691200,1e-07
MR,1728777600,1e-07
MR,1728864000,1e-07
MR,1728950400,1e-07
MR,1729036800,1e-07
MR,1729123200,1e-07
MR,1729209600,1e-07
MR,1729296000,1e-07
MR,1729382400,1e-07
CHEQ,1726790400,0.02894
CHEQ,1726876800,0.02709
CHEQ,1726963200,0.0282
CHEQ,1727049600,0.02699
CHEQ,1727136000,0.02771
CHEQ,1727222400,0.03123
CHEQ,1727308800,0.03937
CHEQ,1727395200,0.03773
CHEQ,1727481600,0.03537
CHEQ,1727568000,0.0331
CHEQ,1727654400,0.03176
CHEQ,1727740800,0.02918
CHEQ,1727827200,0.02779
CHEQ,1727913600,0.02754
CHEQ,1728000000,0.02755
CHEQ,1728086400,0.02822
CHEQ,1728172800,0.02696
CHEQ,1728259200,0.03089
CHEQ,1728345600,0.0279
CHEQ,1728432000,0.02732
CHEQ,1728518400,0.02806
CHEQ,1728604800,0.02779
CHEQ,1728691200,0.02766
CHEQ,1728777600,0.02708
CHEQ,1728864000,0.02583
CHEQ,1728950400,0.02672
CHEQ,1729036800,0.02576
CHEQ,1729123200,0.02591
CHEQ,1729209600,0.02522
CHEQ,1729296000,0.02504
CHEQ,1729382400,0.02445
BRCST,1726790400,0.0808
BRCST,1726876800,0.07921
BRCST,1726963200,0.0806
BRCST,1727049600,0.0775
BRCST,1727136000,0.07971
BRCST,1727222400,0.07788
BRCST,1727308800,0.08036
BRCST,1727395200,0.08046
BRCST,1727481600,0.0796
BRCST,1727568000,0.07926
BRCST,1727654400,0.07939
BRCST,1727740800,0.07588
BRCST,1727827200,0.08549
BRCST,1727913600,0.08005
BRCST,1728000000,0.08033
BRCST,1728086400,0.07891
BRCST,1728172800,0.0783
BRCST,1728259200,0.07955
BRCST,1728345600,0.07965
BRCST,1728432000,0.07773
BRCST,1728518400,0.07767
BRCST,1728604800,0.07788
BRCST,1728691200,0.079
BRCST,1728777600,0.07699
BRCST,1728864000,0.08228
BRCST,1728950400,0.07969
BRCST,1729036800,0.07969
BRCST,1729123200,0.07738
BRCST,1729209600,0.07659
BRCST,1729296000,0.07768
BRCST,1729382400,0.07838
LPM,1726790400,20.59
LPM,1726876800,20.33
LPM,1726963200,19.96
LPM,1727049600,20.38
LPM,1727136000,20.04
LPM,1727222400,19.65
LPM,1727308800,19.31
LPM,1727395200,19.67
LPM,1727481600,19.43
LPM,1727568000,19.19
LPM,1727654400,17.99
LPM,1727740800,17.22
LPM,1727827200,16.52
LPM,1727913600,15.68
LPM,1728000000,15.3
LPM,1728086400,15.27
LPM,1728172800,15.41
LPM,1728259200,14.71
LPM,1728345600,13.58
LPM,1728432000,12.87
LPM,1728518400,12.55
LPM,1728604800,12.96
LPM,1728691200,12.78
LPM,1728777600,12.5
LPM,1728864000,12.94
LPM,1728950400,12.01
LPM,1729036800,11.7
LPM,1729123200,11.67
LPM,1729209600,10.44
LPM,1729296000,9.254
LPM,1729382400,9.349
HISEALS,1726790400,0.000856
HISEALS,1726876800,0.000854
HISEALS,1726963200,0.000833
HISEALS,1727049600,0.000882
HISEALS,1727136000,0.0008889
HISEALS,1727222400,0.0009008
HISEALS,1727308800,0.000795
HISEALS,1727395200,0.000737
HISEALS,1727481600,0.000675
HISEALS,1727568000,0.000676
HISEALS,1727654400,0.0006059
HISEALS,1727740800,0.0006059
HISEALS,1727827200,0.0006059
HISEALS,1727913600,0.000606
HISEALS,1728000000,0.000606
HISEALS,1728086400,0.000606
HISEALS,1728172800,0.000606
HISEALS,1728259200,0.0006059
HISEALS,1728345600,0.0006056
HISEALS,1728432000,0.0006055
HISEALS,1728518400,0.0006055
HISEALS,1728604800,0.0006058
HISEALS,1728691200,0.000606
HISEALS,1728777600,0.0006059
HISEALS,1728864000,0.0006058
HISEALS,1728950400,0.0006059
HISEALS,1729036800,0.0006059
HISEALS,1729123200,0.0006058
HISEALS,1729209600,0.0006059
HISEALS,1729296000,0.0006059
HISEALS,1729382400,0.0006059
BSSB,1726790400,0.1616
BSSB,1726876800,0.1962
BSSB,1726963200,0.1771
BSSB,1727049600,0.1831
BSSB,1727136000,0.1878
BSSB,1727222400,0.1905
BSSB,1727308800,0.2036
BSSB,1727395200,0.2083
BSSB,1727481600,0.1986
BSSB,1727568000,0.1858
BSSB,1727654400,0.1787
BSSB,1727740800,0.1523
BSSB,1727827200,0.1462
BSSB,1727913600,0.1638
BSSB,1728000000,0.1655
BSSB,1728086400,0.161
BSSB,1728172800,0.1486
BSSB,1728259200,0.1518
BSSB,1728345600,0.1523
BSSB,1728432000,0.146
BSSB,1728518400,0.1497
BSSB,1728604800,0.1463
BSSB,1728691200,0.15
BSSB,1728777600,0.1416
BSSB,1728864000,0.144
BSSB,1728950400,0.1401
BSSB,1729036800,0.1355
BSSB,1729123200,0.1305
BSSB,1729209600,0.1332
BSSB,1729296000,0.1486
BSSB,1729382400,0.1401
BICO,1726790400,0.2362
BICO,1726876800,0.2404
BICO,1726963200,0.2328
BICO,1727049600,0.2344
BICO,1727136000,0.2406
BICO,1727222400,0.2356
BICO,1727308800,0.2519
BICO,1727395200,0.2605
BICO,1727481600,0.2523
BICO,1727568000,0.2554
BICO,1727654400,0.2364
BICO,1727740800,0.2181
BICO,1727827200,0.2074
BICO,1727913600,0.1993
BICO,1728000000,0.2099
BICO,1728086400,0.2046
BICO,1728172800,0.213
BICO,1728259200,0.2186
BICO,1728345600,0.2083
BICO,1728432000,0.1973
BICO,1728518400,0.1952
BICO,1728604800,0.1999
BICO,1728691200,0.2096
BICO,1728777600,0.2092
BICO,1728864000,0.2235
BICO,1728950400,0.2179
BICO,1729036800,0.2073
BICO,1729123200,0.1999
BICO,1729209600,0.2021
BICO,1729296000,0.2024
BICO,1729382400,0.2065
APN,1726790400,0.00105
APN,1726876800,0.001542
APN,1726963200,0.001033
APN,1727049600,0.001059
APN,1727136000,0.001061
APN,1727222400,0.0009287
APN,1727308800,0.0008952
APN,1727395200,0.0008626
APN,1727481600,0.001017
APN,1727568000,0.0009835
APN,1727654400,0.0009106
APN,1727740800,0.0008566
APN,1727827200,0.0008509
APN,1727913600,0.0008459
APN,1728000000,0.0009176
APN,1728086400,0.0009176
APN,1728172800,0.0009272
APN,1728259200,0.0009204
APN,1728345600,0.0009271
APN,1728432000,0.0008526
APN,1728518400,0.001025
APN,1728604800,0.001049
APN,1728691200,0.001015
APN,1728777600,0.0008885
APN,1728864000,0.001052
APN,1728950400,0.001043
APN,1729036800,0.0008094
APN,1729123200,0.0009378
APN,1729209600,0.0008455
APN,1729296000,0.0007944
APN,1729382400,0.0008905
EXGO,1726790400,0.01495
EXGO,1726876800,0.01363
EXGO,1726963200,0.01445
EXGO,1727049600,0.01399
EXGO,1727136000,0.01344
EXGO,1727222400,0.01291
EXGO,1727308800,0.01292
EXGO,1727395200,0.01295
EXGO,1727481600,0.01253
EXGO,1727568000,0.01176
EXGO,1727654400,0.01176
EXGO,1727740800,0.01277
EXGO,1727827200,0.0127
EXGO,1727913600,0.01324
EXGO,1728000000,0.01373
EXGO,1728086400,0.01339
EXGO,1728172800,0.01353
EXGO,1728259200,0.01326
EXGO,1728345600,0.0143
EXGO,1728432000,0.01408
EXGO,1728518400,0.01159
EXGO,1728604800,0.01128
EXGO,1728691200,0.01302
EXGO,1728777600,0.01107
EXGO,1728864000,0.011
EXGO,1728950400,0.0107
EXGO,1729036800,0.007019
EXGO,1729123200,0.007868
EXGO,1729209600,0.007039
EXGO,1729296000,0.005869
EXGO,1729382400,0.005869
LEVL,1726790400,0.003161
LEVL,1726876800,0.003168
LEVL,1726963200,0.003179
LEVL,1727049600,0.003167
LEVL,1727136000,0.003214
LEVL,1727222400,0.003157
LEVL,1727308800,0.003259
LEVL,1727395200,0.00329
LEVL,1727481600,0.003293
LEVL,1727568000,0.003281
LEVL,1727654400,0.003166
LEVL,1727740800,0.00304
LEVL,1727827200,0.003032
LEVL,1727913600,0.003037
LEVL,1728000000,0.003105
LEVL,1728086400,0.003103
LEVL,1728172800,0.003141
LEVL,1728259200,0.00311
LEVL,1728345600,0.003106
LEVL,1728432000,0.003029
LEVL,1728518400,0.003014
LEVL,1728604800,0.003126
LEVL,1728691200,0.00316
LEVL,1728777600,0.003143
LEVL,1728864000,0.003303
LEVL,1728950400,0.003353
LEVL,1729036800,0.003381
LEVL,1729123200,0.00337
LEVL,1729209600,0.003421
LEVL,1729296000,0.003419
LEVL,1729382400,0.003418
CEUR,1726790400,1.122
CEUR,1726876800,1.13
CEUR,1726963200,1.118
CEUR,1727049600,1.109
CEUR,1727136000,1.113
CEUR,1727222400,1.117
CEUR,1727308800,1.117
CEUR,1727395200,1.128
CEUR,1727481600,1.116
CEUR,1727568000,1.117
CEUR,1727654400,1.113
CEUR,1727740800,1.11
CEUR,1727827200,1.101
CEUR,1727913600,1.092
CEUR,1728000000,1.096
CEUR,1728086400,1.1
CEUR,1728172800,1.102
CEUR,1728259200,1.095
CEUR,1728345600,1.1
CEUR,1728432000,1.088
CEUR,1728518400,1.093
CEUR,1728604800,1.096
CEUR,1728691200,1.093
CEUR,1728777600,1.095
CEUR,1728864000,1.087
CEUR,1728950400,1.093
CEUR,1729036800,1.082
CEUR,1729123200,1.083
CEUR,1729209600,1.091
CEUR,1729296000,1.087
CEUR,1729382400,1.087
VTHO,1726790400,0.002016
VTHO,1726876800,0.002049
VTHO,1726963200,0.002008
VTHO,1727049600,0.002059
VTHO,1727136000,0.00212
VTHO,1727222400,0.002057
VTHO,1727308800,0.00211
VTHO,1727395200,0.002203
VTHO,1727481600,0.002105
VTHO,1727568000,0.00218
VTHO,1727654400,0.002077
VTHO,1727740800,0.001977
VTHO,1727827200,0.001922
VTHO,1727913600,0.001839
VTHO,1728000000,0.001936
VTHO,1728086400,0.001892
VTHO,1728172800,0.001933
VTHO,1728259200,0.001908
VTHO,1728345600,0.001873
VTHO,1728432000,0.001861
VTHO,1728518400,0.001856
VTHO,1728604800,0.001858
VTHO,1728691200,0.001844
VTHO,1728777600,0.001858
VTHO,1728864000,0.001936
VTHO,1728950400,0.001903
VTHO,1729036800,0.001874
VTHO,1729123200,0.001802
VTHO,1729209600,0.001836
VTHO,1729296000,0.001818
VTHO,1729382400,0.001801
FLURRY,1726790400,6.457e-05
FLURRY,1726876800,6.761e-05
FLURRY,1726963200,6.68e-05
FLURRY,1727049600,6.813e-05
FLURRY,1727136000,5.164e-05
FLURRY,1727222400,6.177e-05
FLURRY,1727308800,6.393e-05
FLURRY,1727395200,7.322e-05
FLURRY,1727481600,7.356e-05
FLURRY,1727568000,7.675e-05
FLURRY,1727654400,7.312e-05
FLURRY,1727740800,6.864e-05
FLURRY,1727827200,6.528e-05
FLURRY,1727913600,6.314e-05
FLURRY,1728000000,6.049e-05
FLURRY,1728086400,7.51e-05
FLURRY,1728172800,8.087e-05
FLURRY,1728259200,8.04e-05
FLURRY,1728345600,0.0001011
FLURRY,1728432000,7.668e-05
FLURRY,1728518400,7.638e-05
FLURRY,1728604800,8.213e-05
FLURRY,1728691200,7.673e-05
FLURRY,1728777600,8.843e-05
FLURRY,1728864000,9.268e-05
FLURRY,1728950400,9.214e-05
FLURRY,1729036800,9.199e-05
FLURRY,1729123200,9.866e-05
FLURRY,1729209600,9.648e-05
FLURRY,1729296000,8.998e-05
FLURRY,1729382400,8.998e-05
WIFC,1726790400,0
WIFC,1726876800,0
WIFC,1726963200,0
WIFC,1727049600,0
WIFC,1727136000,0
WIFC,1727222400,0
WIFC,1727308800,0
WIFC,1727395200,0
WIFC,1727481600,0
WIFC,1727568000,0
WIFC,1727654400,5e-07
WIFC,1727740800,5e-07
WIFC,1727827200,5e-07
WIFC,1727913600,5e-07
WIFC,1728000000,5e-07
WIFC,1728086400,5e-07
WIFC,1728172800,7.5e-07
WIFC,1728259200,5.7e-07
WIFC,1728345600,5e-07
WIFC,1728432000,5e-07
WIFC,1728518400,1e-07
WIFC,1728604800,1e-07
WIFC,1728691200,2.2e-07
WIFC,1728777600,3.2e-07
WIFC,1728864000,3.2e-07
WIFC,1728950400,3.2e-07
WIFC,1729036800,3.2e-07
WIFC,1729123200,3.2e-07
WIFC,1729209600,3.2e-07
WIFC,1729296000,3.2e-07
WIFC,1729382400,3.2e-07
PDX,1726790400,187.28
PDX,1726876800,187.02
PDX,1726963200,186.58
PDX,1727049600,186.5
PDX,1727136000,185.99
PDX,1727222400,185.69
PDX,1727308800,186.07
PDX,1727395200,186.99
PDX,1727481600,187.9
PDX,1727568000,187.44
PDX,1727654400,188.59
PDX,1727740800,189.18
PDX,1727827200,188.07
PDX,1727913600,186.98
PDX,1728000000,187
PDX,1728086400,186.99
PDX,1728172800,186.43
PDX,1728259200,187.48
PDX,1728345600,186.71
PDX,1728432000,186.61
PDX,1728518400,185.93
PDX,1728604800,185.55
PDX,1728691200,185.39
PDX,1728777600,186.49
PDX,1728864000,186.06
PDX,1728950400,186.08
PDX,1729036800,179.46
PDX,1729123200,174.93
PDX,1729209600,176.26
PDX,1729296000,177.54
PDX,1729382400,177.66
KGC,1726790400,1.536e-05
KGC,1726876800,1.56e-05
KGC,1726963200,1.491e-05
KGC,1727049600,1.42e-05
KGC,1727136000,1.466e-05
KGC,1727222400,1.44e-05
KGC,1727308800,1.486e-05
KGC,1727395200,1.55e-05
KGC,1727481600,1.561e-05
KGC,1727568000,1.62e-05
KGC,1727654400,1.54e-05
KGC,1727740800,1.529e-05
KGC,1727827200,1.403e-05
KGC,1727913600,1.408e-05
KGC,1728000000,1.44e-05
KGC,1728086400,1.46e-05
KGC,1728172800,1.48e-05
KGC,1728259200,1.42e-05
KGC,1728345600,1.359e-05
KGC,1728432000,1.379e-05
KGC,1728518400,1.33e-05
KGC,1728604800,1.371e-05
KGC,1728691200,1.37e-05
KGC,1728777600,1.376e-05
KGC,1728864000,1.445e-05
KGC,1728950400,1.34e-05
KGC,1729036800,1.332e-05
KGC,1729123200,1.34e-05
KGC,1729209600,1.37e-05
KGC,1729296000,1.364e-05
KGC,1729382400,1.364e-05
XDAG,1726790400,0.003208
XDAG,1726876800,0.00315
XDAG,1726963200,0.003189
XDAG,1727049600,0.003118
XDAG,1727136000,0.003136
XDAG,1727222400,0.003089
XDAG,1727308800,0.003047
XDAG,1727395200,0.003087
XDAG,1727481600,0.003382
XDAG,1727568000,0.004023
XDAG,1727654400,0.004022
XDAG,1727740800,0.003994
XDAG,1727827200,0.003932
XDAG,1727913600,0.004057
XDAG,1728000000,0.004049
XDAG,1728086400,0.00401
XDAG,1728172800,0.004001
XDAG,1728259200,0.003509
XDAG,1728345600,0.003529
XDAG,1728432000,0.003548
XDAG,1728518400,0.003663
XDAG,1728604800,0.003672
XDAG,1728691200,0.003731
XDAG,1728777600,0.003518
XDAG,1728864000,0.003539
XDAG,1728950400,0.00357
XDAG,1729036800,0.00341
XDAG,1729123200,0.003476
XDAG,1729209600,0.003441
XDAG,1729296000,0.003463
XDAG,1729382400,0.003395
XCUR,1726790400,0.006321
XCUR,1726876800,0.006336
XCUR,1726963200,0.006359
XCUR,1727049600,0.006334
XCUR,1727136000,0.007828
XCUR,1727222400,0.0081
XCUR,1727308800,0.007372
XCUR,1727395200,0.006579
XCUR,1727481600,0.007038
XCUR,1727568000,0.006991
XCUR,1727654400,0.007259
XCUR,1727740800,0.006755
XCUR,1727827200,0.006145
XCUR,1727913600,0.006368
XCUR,1728000000,0.006568
XCUR,1728086400,0.006206
XCUR,1728172800,0.006282
XCUR,1728259200,0.005958
XCUR,1728345600,0.006213
XCUR,1728432000,0.006059
XCUR,1728518400,0.006028
XCUR,1728604800,0.006252
XCUR,1728691200,0.005224
XCUR,1728777600,0.005627
XCUR,1728864000,0.0056
XCUR,1728950400,0.005057
XCUR,1729036800,0.005065
XCUR,1729123200,0.004585
XCUR,1729209600,0.005258
XCUR,1729296000,0.005826
XCUR,1729382400,0.005825
BNTY,1726790400,0.0001537
BNTY,1726876800,0.0001568
BNTY,1726963200,0.0001549
BNTY,1727049600,0.0001324
BNTY,1727136000,0.0001327
BNTY,1727222400,0.0001548
BNTY,1727308800,0.000158
BNTY,1727395200,0.0001617
BNTY,1727481600,0.0001606
BNTY,1727568000,0.0001595
BNTY,1727654400,0.0001561
BNTY,1727740800,0.0001469
BNTY,1727827200,0.0001418
BNTY,1727913600,0.0001645
BNTY,1728000000,0.000169
BNTY,1728086400,0.000169
BNTY,1728172800,0.0001708
BNTY,1728259200,0.0001695
BNTY,1728345600,0.0001708
BNTY,1728432000,0.0001421
BNTY,1728518400,0.0001431
BNTY,1728604800,0.0001707
BNTY,1728691200,0.0001733
BNTY,1728777600,0.0001728
BNTY,1728864000,0.0001577
BNTY,1728950400,0.0001564
BNTY,1729036800,0.0001567
BNTY,1729123200,0.0001824
BNTY,1729209600,0.000185
BNTY,1729296000,0.0001589
BNTY,1729382400,0.0001695
TAMA,1726790400,0.0009482
TAMA,1726876800,0.0009848
TAMA,1726963200,0.001028
TAMA,1727049600,0.0009136
TAMA,1727136000,0.0009091
TAMA,1727222400,0.0009164
TAMA,1727308800,0.0008979
TAMA,1727395200,0.0008749
TAMA,1727481600,0.0009462
TAMA,1727568000,0.0009114
TAMA,1727654400,0.0009089
TAMA,1727740800,0.000861
TAMA,1727827200,0.0009039
TAMA,1727913600,0.0008679
TAMA,1728000000,0.0009175
TAMA,1728086400,0.0009101
TAMA,1728172800,0.0008981
TAMA,1728259200,0.0009226
TAMA,1728345600,0.0009577
TAMA,1728432000,0.0009094
TAMA,1728518400,0.0009058
TAMA,1728604800,0.0009082
TAMA,1728691200,0.001135
TAMA,1728777600,0.001012
TAMA,1728864000,0.001095
TAMA,1728950400,0.001131
TAMA,1729036800,0.0009982
TAMA,1729123200,0.000956
TAMA,1729209600,0.0009861
TAMA,1729296000,0.0009472
TAMA,1729382400,0.02597
MOR,1726790400,16.84
MOR,1726876800,15.56
MOR,1726963200,15.45
MOR,1727049600,16.04
MOR,1727136000,23.28
MOR,1727222400,26.65
MOR,1727308800,28.07
MOR,1727395200,25.66
MOR,1727481600,24.61
MOR,1727568000,25.55
MOR,1727654400,22.26
MOR,1727740800,20.75
MOR,1727827200,20.07
MOR,1727913600,19.37
MOR,1728000000,20.38
MOR,1728086400,19.76
MOR,1728172800,21.42
MOR,1728259200,21.92
MOR,1728345600,22.47
MOR,1728432000,21.01
MOR,1728518400,20.62
MOR,1728604800,21.61
MOR,1728691200,22.89
MOR,1728777600,23.26
MOR,1728864000,22.97
MOR,1728950400,21.14
MOR,1729036800,21.43
MOR,1729123200,20.8
MOR,1729209600,19.09
MOR,1729296000,19.2
MOR,1729382400,19.2
PEPE2,1726790400,3e-08
PEPE2,1726876800,3e-08
PEPE2,1726963200,3e-08
PEPE2,1727049600,3e-08
PEPE2,1727136000,4e-08
PEPE2,1727222400,4e-08
PEPE2,1727308800,4e-08
PEPE2,1727395200,4e-08
PEPE2,1727481600,4e-08
PEPE2,1727568000,4e-08
PEPE2,1727654400,3e-08
PEPE2,1727740800,3e-08
PEPE2,1727827200,3e-08
PEPE2,1727913600,3e-08
PEPE2,1728000000,3e-08
PEPE2,1728086400,3e-08
PEPE2,1728172800,3e-08
PEPE2,1728259200,3e-08
PEPE2,1728345600,3e-08
PEPE2,1728432000,3e-08
PEPE2,1728518400,3e-08
PEPE2,1728604800,3e-08
PEPE2,1728691200,3e-08
PEPE2,1728777600,3e-08
PEPE2,1728864000,4e-08
PEPE2,1728950400,3e-08
PEPE2,1729036800,3e-08
PEPE2,1729123200,3e-08
PEPE2,1729209600,3e-08
PEPE2,1729296000,3e-08
PEPE2,1729382400,3e-08
FORWARD,1726790400,0.001032
FORWARD,1726876800,0.001162
FORWARD,1726963200,0.00114
FORWARD,1727049600,0.001141
FORWARD,1727136000,0.001081
FORWARD,1727222400,0.001062
FORWARD,1727308800,0.001037
FORWARD,1727395200,0.001075
FORWARD,1727481600,0.001095
FORWARD,1727568000,0.001319
FORWARD,1727654400,0.00116
FORWARD,1727740800,0.001038
FORWARD,1727827200,0.00107
FORWARD,1727913600,0.001071
FORWARD,1728000000,0.001051
FORWARD,1728086400,0.001134
FORWARD,1728172800,0.001121
FORWARD,1728259200,0.001139
FORWARD,1728345600,0.001187
FORWARD,1728432000,0.001066
FORWARD,1728518400,0.001111
FORWARD,1728604800,0.001193
FORWARD,1728691200,0.001215
FORWARD,1728777600,0.001184
FORWARD,1728864000,0.001271
FORWARD,1728950400,0.00125
FORWARD,1729036800,0.001313
FORWARD,1729123200,0.001404
FORWARD,1729209600,0.001301
FORWARD,1729296000,0.001566
FORWARD,1729382400,0.00164
DOGA,1726790400,0.003796
DOGA,1726876800,0.003715
DOGA,1726963200,0.003687
DOGA,1727049600,0.003597
DOGA,1727136000,0.00356
DOGA,1727222400,0.003585
DOGA,1727308800,0.003538
DOGA,1727395200,0.003547
DOGA,1727481600,0.003632
DOGA,1727568000,0.003659
DOGA,1727654400,0.003638
DOGA,1727740800,0.003644
DOGA,1727827200,0.003614
DOGA,1727913600,0.003595
DOGA,1728000000,0.003531
DOGA,1728086400,0.00352
DOGA,1728172800,0.003485
DOGA,1728259200,0.003381
DOGA,1728345600,0.003234
DOGA,1728432000,0.003156
DOGA,1728518400,0.003028
DOGA,1728604800,0.002982
DOGA,1728691200,0.003025
DOGA,1728777600,0.003009
DOGA,1728864000,0.003014
DOGA,1728950400,0.003035
DOGA,1729036800,0.003103
DOGA,1729123200,0.003078
DOGA,1729209600,0.00302
DOGA,1729296000,0.002966
DOGA,1729382400,0.002976
ORAI,1726790400,5.815
ORAI,1726876800,6.191
ORAI,1726963200,6.016
ORAI,1727049600,6.41
ORAI,1727136000,6.506
ORAI,1727222400,6.567
ORAI,1727308800,6.929
ORAI,1727395200,7.204
ORAI,1727481600,6.758
ORAI,1727568000,6.828
ORAI,1727654400,6.737
ORAI,1727740800,6.274
ORAI,1727827200,6.161
ORAI,1727913600,6.022
ORAI,1728000000,6.334
ORAI,1728086400,6.249
ORAI,1728172800,6.238
ORAI,1728259200,6.194
ORAI,1728345600,6.043
ORAI,1728432000,5.912
ORAI,1728518400,5.883
ORAI,1728604800,6.1
ORAI,1728691200,6.159
ORAI,1728777600,6.001
ORAI,1728864000,6.445
ORAI,1728950400,6.337
ORAI,1729036800,6.279
ORAI,1729123200,6.19
ORAI,1729209600,6.243
ORAI,1729296000,6.336
ORAI,1729382400,6.332
UNICORN,1726790400,0.0003161
UNICORN,1726876800,0.0003168
UNICORN,1726963200,0.0003179
UNICORN,1727049600,0.0003167
UNICORN,1727136000,0.0003214
UNICORN,1727222400,0.0003157
UNICORN,1727308800,0.0003259
UNICORN,1727395200,0.000329
UNICORN,1727481600,0.0003293
UNICORN,1727568000,0.0003281
UNICORN,1727654400,0.0003166
UNICORN,1727740800,0.000304
UNICORN,1727827200,0.0003032
UNICORN,1727913600,0.0003037
UNICORN,1728000000,0.0003105
UNICORN,1728086400,0.0003103
UNICORN,1728172800,0.0003141
UNICORN,1728259200,0.000311
UNICORN,1728345600,0.0003106
UNICORN,1728432000,0.0003029
UNICORN,1728518400,0.0003014
UNICORN,1728604800,0.0003126
UNICORN,1728691200,0.000316
UNICORN,1728777600,0.0003143
UNICORN,1728864000,0.0003303
UNICORN,1728950400,0.0003353
UNICORN,1729036800,0.0003381
UNICORN,1729123200,0.000337
UNICORN,1729209600,0.0003421
UNICORN,1729296000,0.0003419
UNICORN,1729382400,0.0003418
DFY,1726790400,0.0002818
DFY,1726876800,0.0002875
DFY,1726963200,0.000284
DFY,1727049600,0.0002912
DFY,1727136000,0.0002919
DFY,1727222400,0.0002838
DFY,1727308800,0.0002896
DFY,1727395200,0.0002965
DFY,1727481600,0.0002676
DFY,1727568000,0.0002658
DFY,1727654400,0.0002602
DFY,1727740800,0.0002448
DFY,1727827200,0.00026
DFY,1727913600,0.0002585
DFY,1728000000,0.0002415
DFY,1728086400,0.0002656
DFY,1728172800,0.0002684
DFY,1728259200,0.0002422
DFY,1728345600,0.000244
DFY,1728432000,0.0002605
DFY,1728518400,0.0002623
DFY,1728604800,0.0002683
DFY,1728691200,0.0002724
DFY,1728777600,0.0002715
DFY,1728864000,0.0002892
DFY,1728950400,0.0002607
DFY,1729036800,0.000235
DFY,1729123200,0.0002345
DFY,1729209600,0.0002114
DFY,1729296000,0.0002118
DFY,1729382400,0.0002092
JETTON,1726790400,1.26
JETTON,1726876800,1.26
JETTON,1726963200,1.237
JETTON,1727049600,1.179
JETTON,1727136000,1.16
JETTON,1727222400,1.163
JETTON,1727308800,1.104
JETTON,1727395200,0.964
JETTON,1727481600,0.938
JETTON,1727568000,0.964
JETTON,1727654400,0.928
JETTON,1727740800,0.8488
JETTON,1727827200,0.8488
JETTON,1727913600,0.8489
JETTON,1728000000,0.8361
JETTON,1728086400,0.7966
JETTON,1728172800,0.7981
JETTON,1728259200,0.7957
JETTON,1728345600,0.6985
JETTON,1728432000,0.8862
JETTON,1728518400,0.9269
JETTON,1728604800,0.9007
JETTON,1728691200,0.8146
JETTON,1728777600,0.7813
JETTON,1728864000,0.7989
JETTON,1728950400,0.7469
JETTON,1729036800,0.7533
JETTON,1729123200,0.7185
JETTON,1729209600,0.7274
JETTON,1729296000,0.7325
JETTON,1729382400,0.7242
HBD,1726790400,0.9899
HBD,1726876800,0.9923
HBD,1726963200,0.9424
HBD,1727049600,1.004
HBD,1727136000,0.9622
HBD,1727222400,0.9914
HBD,1727308800,1.001
HBD,1727395200,1.016
HBD,1727481600,1.017
HBD,1727568000,0.9861
HBD,1727654400,1.01
HBD,1727740800,0.9386
HBD,1727827200,0.9478
HBD,1727913600,0.9598
HBD,1728000000,0.9811
HBD,1728086400,0.9414
HBD,1728172800,0.9561
HBD,1728259200,0.9786
HBD,1728345600,0.991
HBD,1728432000,0.8948
HBD,1728518400,0.9741
HBD,1728604800,0.9915
HBD,1728691200,1.002
HBD,1728777600,0.9497
HBD,1728864000,0.9666
HBD,1728950400,0.9396
HBD,1729036800,0.9534
HBD,1729123200,0.9875
HBD,1729209600,0.9922
HBD,1729296000,0.9435
HBD,1729382400,0.9433
OCH,1726790400,0.2532
OCH,1726876800,0.2662
OCH,1726963200,0.261
OCH,1727049600,0.2769
OCH,1727136000,0.2835
OCH,1727222400,0.2817
OCH,1727308800,0.294
OCH,1727395200,0.3005
OCH,1727481600,0.2945
OCH,1727568000,0.2977
OCH,1727654400,0.2891
OCH,1727740800,0.274
OCH,1727827200,0.2667
OCH,1727913600,0.2612
OCH,1728000000,0.2697
OCH,1728086400,0.2675
OCH,1728172800,0.2695
OCH,1728259200,0.2703
OCH,1728345600,0.2615
OCH,1728432000,0.2562
OCH,1728518400,0.2524
OCH,1728604800,0.2618
OCH,1728691200,0.2633
OCH,1728777600,0.259
OCH,1728864000,0.2731
OCH,1728950400,0.2721
OCH,1729036800,0.2687
OCH,1729123200,0.2652
OCH,1729209600,0.2688
OCH,1729296000,0.2719
OCH,1729382400,0.2709
IVEX,1726790400,0.418
IVEX,1726876800,0.4191
IVEX,1726963200,0.4133
IVEX,1727049600,0.4129
IVEX,1727136000,0.404
IVEX,1727222400,0.4128
IVEX,1727308800,0.4197
IVEX,1727395200,0.4235
IVEX,1727481600,0.4113
IVEX,1727568000,0.4236
IVEX,1727654400,0.424
IVEX,1727740800,0.4027
IVEX,1727827200,0.4035
IVEX,1727913600,0.4044
IVEX,1728000000,0.4131
IVEX,1728086400,0.3734
IVEX,1728172800,0.3992
IVEX,1728259200,0.3901
IVEX,1728345600,0.3628
IVEX,1728432000,0.3607
IVEX,1728518400,0.3528
IVEX,1728604800,0.3589
IVEX,1728691200,0.3447
IVEX,1728777600,0.346
IVEX,1728864000,0.3089
IVEX,1728950400,0.2815
IVEX,1729036800,0.2659
IVEX,1729123200,0.2697
IVEX,1729209600,0.2462
IVEX,1729296000,0.2476
IVEX,1729382400,0.2479
GUILD,1726790400,0.002449
GUILD,1726876800,0.00244
GUILD,1726963200,0.002519
GUILD,1727049600,0.002527
GUILD,1727136000,0.002528
GUILD,1727222400,0.002448
GUILD,1727308800,0.002484
GUILD,1727395200,0.002547
GUILD,1727481600,0.002561
GUILD,1727568000,0.002757
GUILD,1727654400,0.002802
GUILD,1727740800,0.002836
GUILD,1727827200,0.002836
GUILD,1727913600,0.002868
GUILD,1728000000,0.002864
GUILD,1728086400,0.002946
GUILD,1728172800,0.003034
GUILD,1728259200,0.003039
GUILD,1728345600,0.003085
GUILD,1728432000,0.003095
GUILD,1728518400,0.003069
GUILD,1728604800,0.003054
GUILD,1728691200,0.003047
GUILD,1728777600,0.003121
GUILD,1728864000,0.00231
GUILD,1728950400,0.002457
GUILD,1729036800,0.002419
GUILD,1729123200,0.002409
GUILD,1729209600,0.002406
GUILD,1729296000,0.002409
GUILD,1729382400,0.002404
SFARM,1726790400,0.0323
SFARM,1726876800,0.0323
SFARM,1726963200,0.0323
SFARM,1727049600,0.0323
SFARM,1727136000,0.03233
SFARM,1727222400,0.03229
SFARM,1727308800,0.0323
SFARM,1727395200,0.0439
SFARM,1727481600,0.0439
SFARM,1727568000,0.0439
SFARM,1727654400,0.0283
SFARM,1727740800,0.03409
SFARM,1727827200,0.0341
SFARM,1727913600,0.0341
SFARM,1728000000,0.0341
SFARM,1728086400,0.0341
SFARM,1728172800,0.0357
SFARM,1728259200,0.03569
SFARM,1728345600,0.03568
SFARM,1728432000,0.03757
SFARM,1728518400,0.05456
SFARM,1728604800,0.06068
SFARM,1728691200,0.0305
SFARM,1728777600,0.0368
SFARM,1728864000,0.03009
SFARM,1728950400,0.0381
SFARM,1729036800,0.0477
SFARM,1729123200,0.02589
SFARM,1729209600,0.0379
SFARM,1729296000,0.04069
SFARM,1729382400,0.04679
BABYBONK,1726790400,2e-11
BABYBONK,1726876800,2e-11
BABYBONK,1726963200,2e-11
BABYBONK,1727049600,2e-11
BABYBONK,1727136000,2e-11
BABYBONK,1727222400,2e-11
BABYBONK,1727308800,2e-11
BABYBONK,1727395200,3e-11
BABYBONK,1727481600,3e-11
BABYBONK,1727568000,3e-11
BABYBONK,1727654400,3e-11
BABYBONK,1727740800,3e-11
BABYBONK,1727827200,3e-11
BABYBONK,1727913600,3e-11
BABYBONK,1728000000,3e-11
BABYBONK,1728086400,3e-11
BABYBONK,1728172800,3e-11
BABYBONK,1728259200,3e-11
BABYBONK,1728345600,3e-11
BABYBONK,1728432000,4e-11
BABYBONK,1728518400,4e-11
BABYBONK,1728604800,4e-11
BABYBONK,1728691200,4e-11
BABYBONK,1728777600,4e-11
BABYBONK,1728864000,4e-11
BABYBONK,1728950400,4e-11
BABYBONK,1729036800,3e-11
BABYBONK,1729123200,3e-11
BABYBONK,1729209600,4e-11
BABYBONK,1729296000,4e-11
BABYBONK,1729382400,4e-11
HC,1726790400,0.01845
HC,1726876800,0.01882
HC,1726963200,0.01755
HC,1727049600,0.018
HC,1727136000,0.018
HC,1727222400,0.01831
HC,1727308800,0.01922
HC,1727395200,0.01974
HC,1727481600,0.01873
HC,1727568000,0.01903
HC,1727654400,0.02029
HC,1727740800,0.01884
HC,1727827200,0.01819
HC,1727913600,0.01822
HC,1728000000,0.01883
HC,1728086400,0.01787
HC,1728172800,0.01879
HC,1728259200,0.01768
HC,1728345600,0.01802
HC,1728432000,0.01818
HC,1728518400,0.01808
HC,1728604800,0.01813
HC,1728691200,0.01833
HC,1728777600,0.0195
HC,1728864000,0.01814
HC,1728950400,0.01878
HC,1729036800,0.01961
HC,1729123200,0.01954
HC,1729209600,0.02035
HC,1729296000,0.01854
HC,1729382400,0.02012
CYCON,1726790400,0.003858
CYCON,1726876800,0.003714
CYCON,1726963200,0.004144
CYCON,1727049600,0.004597
CYCON,1727136000,0.0043
CYCON,1727222400,0.004458
CYCON,1727308800,0.003941
CYCON,1727395200,0.003
CYCON,1727481600,0.002627
CYCON,1727568000,0.002714
CYCON,1727654400,0.002286
CYCON,1727740800,0.002308
CYCON,1727827200,0.002305
CYCON,1727913600,0.002217
CYCON,1728000000,0.002313
CYCON,1728086400,0.002434
CYCON,1728172800,0.002383
CYCON,1728259200,0.002277
CYCON,1728345600,0.002199
CYCON,1728432000,0.002307
CYCON,1728518400,0.002422
CYCON,1728604800,0.002599
CYCON,1728691200,0.002133
CYCON,1728777600,0.002435
CYCON,1728864000,0.002016
CYCON,1728950400,0.002017
CYCON,1729036800,0.002017
CYCON,1729123200,0.002016
CYCON,1729209600,0.002017
CYCON,1729296000,0.002017
CYCON,1729382400,0.002017
REPO,1726790400,0.2314
REPO,1726876800,0.2319
REPO,1726963200,0.2327
REPO,1727049600,0.2318
REPO,1727136000,0.2353
REPO,1727222400,0.2311
REPO,1727308800,0.2386
REPO,1727395200,0.2408
REPO,1727481600,0.2411
REPO,1727568000,0.2401
REPO,1727654400,0.2317
REPO,1727740800,0.2225
REPO,1727827200,0.2219
REPO,1727913600,0.2223
REPO,1728000000,0.2273
REPO,1728086400,0.2271
REPO,1728172800,0.2299
REPO,1728259200,0.2277
REPO,1728345600,0.2274
REPO,1728432000,0.2217
REPO,1728518400,0.2206
REPO,1728604800,0.2288
REPO,1728691200,0.2313
REPO,1728777600,0.23
REPO,1728864000,0.2418
REPO,1728950400,0.2455
REPO,1729036800,0.2475
REPO,1729123200,0.2467
REPO,1729209600,0.2504
REPO,1729296000,0.2502
REPO,1729382400,0.2502
NUX,1726790400,0.00433
NUX,1726876800,0.004416
NUX,1726963200,0.004337
NUX,1727049600,0.004447
NUX,1727136000,0.004458
NUX,1727222400,0.004385
NUX,1727308800,0.004476
NUX,1727395200,0.004528
NUX,1727481600,0.004603
NUX,1727568000,0.004386
NUX,1727654400,0.004319
NUX,1727740800,0.004161
NUX,1727827200,0.004373
NUX,1727913600,0.004465
NUX,1728000000,0.004709
NUX,1728086400,0.004661
NUX,1728172800,0.00466
NUX,1728259200,0.004941
NUX,1728345600,0.00466
NUX,1728432000,0.004618
NUX,1728518400,0.004602
NUX,1728604800,0.004537
NUX,1728691200,0.004605
NUX,1728777600,0.00464
NUX,1728864000,0.004811
NUX,1728950400,0.004614
NUX,1729036800,0.004595
NUX,1729123200,0.004585
NUX,1729209600,0.004571
NUX,1729296000,0.004555
NUX,1729382400,0.004597
COV,1726790400,0.2364
COV,1726876800,0.237
COV,1726963200,0.2378
COV,1727049600,0.2369
COV,1727136000,0.2404
COV,1727222400,0.2362
COV,1727308800,0.2438
COV,1727395200,0.2461
COV,1727481600,0.2463
COV,1727568000,0.2454
COV,1727654400,0.2368
COV,1727740800,0.2274
COV,1727827200,0.2268
COV,1727913600,0.2272
COV,1728000000,0.2322
COV,1728086400,0.2321
COV,1728172800,0.235
COV,1728259200,0.2327
COV,1728345600,0.2324
COV,1728432000,0.2266
COV,1728518400,0.2254
COV,1728604800,0.2338
COV,1728691200,0.2364
COV,1728777600,0.2351
COV,1728864000,0.2471
COV,1728950400,0.2508
COV,1729036800,0.2529
COV,1729123200,0.2521
COV,1729209600,0.2559
COV,1729296000,0.2557
COV,1729382400,0.2558
COQ,1726790400,1.52e-06
COQ,1726876800,1.49e-06
COQ,1726963200,1.46e-06
COQ,1727049600,1.48e-06
COQ,1727136000,1.55e-06
COQ,1727222400,1.51e-06
COQ,1727308800,1.65e-06
COQ,1727395200,1.74e-06
COQ,1727481600,1.56e-06
COQ,1727568000,1.5e-06
COQ,1727654400,1.46e-06
COQ,1727740800,1.34e-06
COQ,1727827200,1.3e-06
COQ,1727913600,1.29e-06
COQ,1728000000,1.34e-06
COQ,1728086400,1.33e-06
COQ,1728172800,1.42e-06
COQ,1728259200,1.43e-06
COQ,1728345600,1.35e-06
COQ,1728432000,1.32e-06
COQ,1728518400,1.32e-06
COQ,1728604800,1.41e-06
COQ,1728691200,1.51e-06
COQ,1728777600,1.45e-06
COQ,1728864000,1.57e-06
COQ,1728950400,1.47e-06
COQ,1729036800,1.51e-06
COQ,1729123200,1.44e-06
COQ,1729209600,1.45e-06
COQ,1729296000,1.44e-06
COQ,1729382400,1.4e-06
HTM,1726790400,0.7477
HTM,1726876800,0.6974
HTM,1726963200,0.6622
HTM,1727049600,0.785
HTM,1727136000,0.741
HTM,1727222400,0.7469
HTM,1727308800,0.759
HTM,1727395200,0.7995
HTM,1727481600,0.7363
HTM,1727568000,0.8804
HTM,1727654400,0.7451
HTM,1727740800,0.8125
HTM,1727827200,0.7935
HTM,1727913600,0.7966
HTM,1728000000,0.842
HTM,1728086400,0.8112
HTM,1728172800,0.8577
HTM,1728259200,0.8221
HTM,1728345600,0.7983
HTM,1728432000,0.8171
HTM,1728518400,0.8467
HTM,1728604800,0.9245
HTM,1728691200,1.063
HTM,1728777600,1.02
HTM,1728864000,1.091
HTM,1728950400,1.037
HTM,1729036800,1.031
HTM,1729123200,1.018
HTM,1729209600,1.165
HTM,1729296000,0.8727
HTM,1729382400,0.9129
AGB,1726790400,2e-10
AGB,1726876800,2e-10
AGB,1726963200,2e-10
AGB,1727049600,3e-10
AGB,1727136000,3e-10
AGB,1727222400,2e-10
AGB,1727308800,2e-10
AGB,1727395200,2e-10
AGB,1727481600,3e-10
AGB,1727568000,3e-10
AGB,1727654400,3e-10
AGB,1727740800,2e-10
AGB,1727827200,2e-10
AGB,1727913600,2e-10
AGB,1728000000,2e-10
AGB,1728086400,2e-10
AGB,1728172800,2e-10
AGB,1728259200,2e-10
AGB,1728345600,2e-10
AGB,1728432000,2e-10
AGB,1728518400,2e-10
AGB,1728604800,2e-10
AGB,1728691200,2e-10
AGB,1728777600,3e-10
AGB,1728864000,3e-10
AGB,1728950400,3e-10
AGB,1729036800,3e-10
AGB,1729123200,3e-10
AGB,1729209600,3e-10
AGB,1729296000,3e-10
AGB,1729382400,3e-10
GELATO,1726790400,0.188
GELATO,1726876800,0.1968
GELATO,1726963200,0.175
GELATO,1727049600,0.1837
GELATO,1727136000,0.1672
GELATO,1727222400,0.156
GELATO,1727308800,0.1596
GELATO,1727395200,0.1454
GELATO,1727481600,0.1538
GELATO,1727568000,0.1509
GELATO,1727654400,0.1422
GELATO,1727740800,0.1307
GELATO,1727827200,0.1271
GELATO,1727913600,0.1298
GELATO,1728000000,0.1304
GELATO,1728086400,0.134
GELATO,1728172800,0.1291
GELATO,1728259200,0.1319
GELATO,1728345600,0.1319
GELATO,1728432000,0.1283
GELATO,1728518400,0.1313
GELATO,1728604800,0.1419
GELATO,1728691200,0.1392
GELATO,1728777600,0.1362
GELATO,1728864000,0.1465
GELATO,1728950400,0.1401
GELATO,1729036800,0.1417
GELATO,1729123200,0.1351
GELATO,1729209600,0.1454
GELATO,1729296000,0.1507
GELATO,1729382400,0.1541
WICC,1726790400,0.003199
WICC,1726876800,0.003215
WICC,1726963200,0.003147
WICC,1727049600,0.003202
WICC,1727136000,0.002947
WICC,1727222400,0.002765
WICC,1727308800,0.002697
WICC,1727395200,0.002237
WICC,1727481600,0.002616
WICC,1727568000,0.002618
WICC,1727654400,0.002262
WICC,1727740800,0.002359
WICC,1727827200,0.002047
WICC,1727913600,0.002334
WICC,1728000000,0.002207
WICC,1728086400,0.002359
WICC,1728172800,0.002181
WICC,1728259200,0.002369
WICC,1728345600,0.002965
WICC,1728432000,0.002958
WICC,1728518400,0.002816
WICC,1728604800,0.002721
WICC,1728691200,0.002669
WICC,1728777600,0.002575
WICC,1728864000,0.002625
WICC,1728950400,0.00041
WICC,1729036800,0.000391
WICC,1729123200,0.0006698
WICC,1729209600,0.0005109
WICC,1729296000,0.0005789
WICC,1729382400,0.002854
